"id","song_popularity"
"id1",54.3333333333333
"id2",46.5555555555556
"id3",63.4444444444444
"id4",59.7777777777778
"id5",32
"id6",75.5555555555556
"id7",48
"id8",57.4444444444444
"id9",53.8888888888889
"id10",73.7777777777778
"id11",74.5555555555556
"id12",56.3333333333333
"id13",77.2222222222222
"id14",68.2222222222222
"id15",57.6666666666667
"id16",29.7777777777778
"id17",19.6666666666667
"id18",57.7777777777778
"id19",83.7777777777778
"id20",63
"id21",59.7777777777778
"id22",50.3333333333333
"id23",68.1111111111111
"id24",41.2222222222222
"id25",65.4444444444444
"id26",71.4444444444444
"id27",35.1111111111111
"id28",56.3333333333333
"id29",73.1111111111111
"id30",47.8888888888889
"id31",61.6
"id32",50.3333333333333
"id33",75.8888888888889
"id34",59.2222222222222
"id35",55.3333333333333
"id36",58.2222222222222
"id37",66.4444444444444
"id38",57.7777777777778
"id39",66.1111111111111
"id40",23.2222222222222
"id41",50.8
"id42",54.5555555555556
"id43",52.2222222222222
"id44",61.3333333333333
"id45",64.8888888888889
"id46",69
"id47",50.3333333333333
"id48",73
"id49",70.6666666666667
"id50",69.4444444444444
"id51",75.7777777777778
"id52",68
"id53",76.7777777777778
"id54",82.4444444444444
"id55",49.4444444444444
"id56",27.4444444444444
"id57",60.1111111111111
"id58",71.5555555555556
"id59",55.7777777777778
"id60",66.1111111111111
"id61",69.3333333333333
"id62",53
"id63",59.3333333333333
"id64",75.7
"id65",68.3333333333333
"id66",52.6666666666667
"id67",55.8888888888889
"id68",49.1111111111111
"id69",43.8888888888889
"id70",38
"id71",75.5555555555556
"id72",67.7777777777778
"id73",66.4444444444444
"id74",60.5555555555556
"id75",34.8888888888889
"id76",57.6666666666667
"id77",49.6666666666667
"id78",61
"id79",53.8888888888889
"id80",44.6666666666667
"id81",59.4444444444444
"id82",50.8888888888889
"id83",66.3333333333333
"id84",65
"id85",68.4444444444444
"id86",69.1111111111111
"id87",65.3333333333333
"id88",69.3333333333333
"id89",54.8888888888889
"id90",64
"id91",57
"id92",47
"id93",43.3333333333333
"id94",66.6666666666667
"id95",47
"id96",40.7777777777778
"id97",70.8888888888889
"id98",63.5555555555556
"id99",50.5555555555556
"id100",54.7777777777778
"id101",34.7777777777778
"id102",64
"id103",69
"id104",62.6666666666667
"id105",74.4444444444444
"id106",67
"id107",48.2222222222222
"id108",66.8888888888889
"id109",55.8888888888889
"id110",67.3333333333333
"id111",50.4444444444444
"id112",59.6666666666667
"id113",50.6666666666667
"id114",61.5555555555556
"id115",44.3333333333333
"id116",63.4444444444444
"id117",68.2222222222222
"id118",56.7777777777778
"id119",72.8888888888889
"id120",63.7777777777778
"id121",66.4444444444444
"id122",64.4444444444444
"id123",38.3333333333333
"id124",50.8888888888889
"id125",54.7777777777778
"id126",67.8888888888889
"id127",72.5555555555556
"id128",66.8888888888889
"id129",52
"id130",34.4444444444444
"id131",71.1111111111111
"id132",60.4444444444444
"id133",48.4444444444444
"id134",63.2222222222222
"id135",64.6666666666667
"id136",66.4444444444444
"id137",58.8888888888889
"id138",81.8888888888889
"id139",66.7777777777778
"id140",26
"id141",67.1111111111111
"id142",68.6666666666667
"id143",47.8888888888889
"id144",60.6666666666667
"id145",52
"id146",46.1111111111111
"id147",71.3333333333333
"id148",65.5555555555556
"id149",71.7777777777778
"id150",51.8888888888889
"id151",64.8888888888889
"id152",50.7777777777778
"id153",31.5555555555556
"id154",69.1111111111111
"id155",72.5555555555556
"id156",40.7777777777778
"id157",27.8888888888889
"id158",64.6666666666667
"id159",64.6666666666667
"id160",71
"id161",55.1111111111111
"id162",31.1111111111111
"id163",59.7777777777778
"id164",59.8888888888889
"id165",38.3333333333333
"id166",25.1111111111111
"id167",53.5555555555556
"id168",65.6666666666667
"id169",44.8888888888889
"id170",57.5555555555556
"id171",54.3333333333333
"id172",68.8888888888889
"id173",66.6666666666667
"id174",67
"id175",74.4444444444444
"id176",54
"id177",72.2222222222222
"id178",42
"id179",70.2222222222222
"id180",58.7777777777778
"id181",52
"id182",57.7777777777778
"id183",37.4444444444444
"id184",46.2222222222222
"id185",29.2222222222222
"id186",60.8888888888889
"id187",51.7777777777778
"id188",59.8888888888889
"id189",54
"id190",62.7777777777778
"id191",66
"id192",46.2222222222222
"id193",46.4444444444444
"id194",53.3333333333333
"id195",67.7777777777778
"id196",63.6666666666667
"id197",45.8888888888889
"id198",72
"id199",53.4444444444444
"id200",35.6666666666667
"id201",54.3333333333333
"id202",65.2222222222222
"id203",62.5555555555556
"id204",62.2222222222222
"id205",58.3333333333333
"id206",68.8888888888889
"id207",77.3333333333333
"id208",61.1111111111111
"id209",64.5555555555556
"id210",74
"id211",41.6666666666667
"id212",54.1111111111111
"id213",56.4444444444444
"id214",59.7777777777778
"id215",61.4444444444444
"id216",53.8888888888889
"id217",26.2222222222222
"id218",50.6666666666667
"id219",25.3333333333333
"id220",57.2222222222222
"id221",67.1111111111111
"id222",59.6666666666667
"id223",49.7
"id224",69.6666666666667
"id225",45.8888888888889
"id226",62.3333333333333
"id227",31.4444444444444
"id228",61.3333333333333
"id229",50.2222222222222
"id230",51
"id231",55.7777777777778
"id232",71
"id233",72.7777777777778
"id234",27.2222222222222
"id235",65.8888888888889
"id236",56.8888888888889
"id237",52.8888888888889
"id238",31.3333333333333
"id239",71.7777777777778
"id240",57.1111111111111
"id241",75
"id242",53
"id243",76.8888888888889
"id244",62.5555555555556
"id245",78.4444444444444
"id246",64.3333333333333
"id247",70.2222222222222
"id248",64.1111111111111
"id249",66.3333333333333
"id250",31.5555555555556
"id251",62.3333333333333
"id252",61.8888888888889
"id253",74.8888888888889
"id254",67.6666666666667
"id255",47.1111111111111
"id256",75.3333333333333
"id257",51.6666666666667
"id258",54
"id259",47.6666666666667
"id260",65.6666666666667
"id261",69.1111111111111
"id262",79.5555555555556
"id263",64
"id264",62.3333333333333
"id265",82.8888888888889
"id266",67.6666666666667
"id267",72.2222222222222
"id268",41.5555555555556
"id269",64
"id270",71.7777777777778
"id271",52.7777777777778
"id272",67.7777777777778
"id273",34.1111111111111
"id274",65.7777777777778
"id275",88.6666666666667
"id276",66.8888888888889
"id277",54.7777777777778
"id278",48.6666666666667
"id279",59
"id280",69.4444444444444
"id281",49.5555555555556
"id282",73.2222222222222
"id283",62.3333333333333
"id284",37.4444444444444
"id285",60
"id286",59.8888888888889
"id287",57.3333333333333
"id288",68
"id289",63.8888888888889
"id290",62
"id291",76.6666666666667
"id292",44.2222222222222
"id293",60.6666666666667
"id294",60.3333333333333
"id295",54.4444444444444
"id296",54.1111111111111
"id297",61.8888888888889
"id298",71.5555555555556
"id299",64
"id300",77.1111111111111
"id301",66.7777777777778
"id302",86.4444444444444
"id303",56.8888888888889
"id304",69.4444444444444
"id305",55
"id306",83.8888888888889
"id307",48.6666666666667
"id308",72
"id309",54
"id310",50.4444444444444
"id311",43.7777777777778
"id312",70.1111111111111
"id313",64.3333333333333
"id314",51.5555555555556
"id315",58.8888888888889
"id316",63.4444444444444
"id317",24.8888888888889
"id318",52.5555555555556
"id319",74.5555555555556
"id320",59.3333333333333
"id321",43.6666666666667
"id322",69.5555555555556
"id323",66.6666666666667
"id324",55.3333333333333
"id325",36.4444444444444
"id326",61.2222222222222
"id327",59.7777777777778
"id328",65.4444444444444
"id329",54.7777777777778
"id330",47.2222222222222
"id331",59.2222222222222
"id332",54.5555555555556
"id333",53.7777777777778
"id334",36.5555555555556
"id335",47.4444444444444
"id336",75.8888888888889
"id337",61.4444444444444
"id338",71.4444444444444
"id339",74.3333333333333
"id340",52.7777777777778
"id341",49.6666666666667
"id342",67.6666666666667
"id343",60.8888888888889
"id344",59.7777777777778
"id345",66.5555555555556
"id346",66.1111111111111
"id347",49.7777777777778
"id348",51.1111111111111
"id349",53.5555555555556
"id350",62.8888888888889
"id351",64.2222222222222
"id352",56.8888888888889
"id353",75.8888888888889
"id354",55.1111111111111
"id355",74.7777777777778
"id356",53.5555555555556
"id357",59.4444444444444
"id358",77.2222222222222
"id359",57.1111111111111
"id360",51.7777777777778
"id361",54.6666666666667
"id362",40.7777777777778
"id363",46.3333333333333
"id364",68.8888888888889
"id365",50.6666666666667
"id366",55.1111111111111
"id367",55.5555555555556
"id368",62
"id369",81.2222222222222
"id370",63
"id371",64.7777777777778
"id372",31.1111111111111
"id373",39.4444444444444
"id374",55
"id375",68
"id376",61.3333333333333
"id377",66.1111111111111
"id378",63.1111111111111
"id379",75.5555555555556
"id380",60.6666666666667
"id381",58.1111111111111
"id382",63
"id383",73.7777777777778
"id384",68.7777777777778
"id385",50
"id386",68.2222222222222
"id387",63.6666666666667
"id388",51.8888888888889
"id389",26
"id390",44.6666666666667
"id391",63
"id392",60.5555555555556
"id393",58.7777777777778
"id394",70.3333333333333
"id395",51.7777777777778
"id396",54.6666666666667
"id397",73.8888888888889
"id398",61.2222222222222
"id399",57.1111111111111
"id400",65
"id401",59.8888888888889
"id402",46.3333333333333
"id403",59.2222222222222
"id404",61.8888888888889
"id405",70.2222222222222
"id406",62.4444444444444
"id407",60.1111111111111
"id408",51.6666666666667
"id409",50.1111111111111
"id410",44.6666666666667
"id411",76.4444444444444
"id412",50.4444444444444
"id413",65.7777777777778
"id414",56
"id415",54.7777777777778
"id416",44.7777777777778
"id417",77.6666666666667
"id418",28.2222222222222
"id419",49.1111111111111
"id420",51
"id421",44.4444444444444
"id422",59.7777777777778
"id423",58.3333333333333
"id424",62.4444444444444
"id425",41.5555555555556
"id426",70.6666666666667
"id427",75.4444444444444
"id428",73
"id429",43.2222222222222
"id430",63.2222222222222
"id431",76.7777777777778
"id432",73.7777777777778
"id433",27.7777777777778
"id434",26.2222222222222
"id435",46
"id436",62.2222222222222
"id437",41.1111111111111
"id438",51.3333333333333
"id439",45.5555555555556
"id440",56
"id441",62
"id442",71.5555555555556
"id443",67.2222222222222
"id444",43.8888888888889
"id445",37.3333333333333
"id446",48.7777777777778
"id447",57
"id448",62.7777777777778
"id449",62.2222222222222
"id450",88.5
"id451",62.1111111111111
"id452",56.2222222222222
"id453",72.1111111111111
"id454",68.5555555555556
"id455",71.4444444444444
"id456",63.3333333333333
"id457",61.8888888888889
"id458",28.5555555555556
"id459",27.2222222222222
"id460",41.7777777777778
"id461",60.4444444444444
"id462",56.3333333333333
"id463",49.8888888888889
"id464",40
"id465",62.3333333333333
"id466",59.3333333333333
"id467",66.2222222222222
"id468",53.5555555555556
"id469",72.7777777777778
"id470",83.4444444444444
"id471",56.1111111111111
"id472",55.5555555555556
"id473",49.4444444444444
"id474",63.4444444444444
"id475",72
"id476",41.6666666666667
"id477",32.6666666666667
"id478",31.3333333333333
"id479",62.6666666666667
"id480",61
"id481",83.5555555555556
"id482",54
"id483",53.3333333333333
"id484",63.3333333333333
"id485",61.8888888888889
"id486",48.6666666666667
"id487",75
"id488",27
"id489",47.3333333333333
"id490",66.1111111111111
"id491",60.7777777777778
"id492",48.7777777777778
"id493",67.4444444444444
"id494",39
"id495",54.8888888888889
"id496",37.4444444444444
"id497",39.8888888888889
"id498",71.7777777777778
"id499",61.3333333333333
"id500",72.4444444444444
"id501",56.5555555555556
"id502",55.6666666666667
"id503",60.8888888888889
"id504",80.4444444444444
"id505",70
"id506",62.7777777777778
"id507",59.3333333333333
"id508",23.5555555555556
"id509",59.3333333333333
"id510",56.2222222222222
"id511",68.2222222222222
"id512",67.1111111111111
"id513",76.2222222222222
"id514",62.1111111111111
"id515",61.6666666666667
"id516",64.5555555555556
"id517",72.2222222222222
"id518",68.6666666666667
"id519",63
"id520",46
"id521",74.8888888888889
"id522",56.4444444444444
"id523",72.4444444444444
"id524",73.5555555555556
"id525",79.3333333333333
"id526",61.8888888888889
"id527",54.4444444444444
"id528",61.2222222222222
"id529",69.3333333333333
"id530",91.1111111111111
"id531",62.6666666666667
"id532",63
"id533",30.1111111111111
"id534",57.1111111111111
"id535",23.3333333333333
"id536",59.2222222222222
"id537",59
"id538",69.2222222222222
"id539",59.3333333333333
"id540",24.2222222222222
"id541",68.8888888888889
"id542",55.8888888888889
"id543",64.6666666666667
"id544",71.5555555555556
"id545",69.5555555555556
"id546",57.7777777777778
"id547",65.3333333333333
"id548",50.6666666666667
"id549",35.7777777777778
"id550",63.6666666666667
"id551",55.4444444444444
"id552",72.6666666666667
"id553",30
"id554",63.1111111111111
"id555",60.4444444444444
"id556",55.3333333333333
"id557",61.6666666666667
"id558",60.7777777777778
"id559",54.4444444444444
"id560",56.1111111111111
"id561",40.6666666666667
"id562",55.5555555555556
"id563",61.6666666666667
"id564",74.8888888888889
"id565",50.7777777777778
"id566",62.8888888888889
"id567",72.7777777777778
"id568",70.4444444444444
"id569",64.5555555555556
"id570",61.3333333333333
"id571",54.8888888888889
"id572",74.3333333333333
"id573",62.6666666666667
"id574",67.1111111111111
"id575",62
"id576",61.1111111111111
"id577",56.3333333333333
"id578",50.7777777777778
"id579",56.7777777777778
"id580",48
"id581",35.2222222222222
"id582",53.2222222222222
"id583",54.7777777777778
"id584",42.4444444444444
"id585",42.8888888888889
"id586",76
"id587",69.1111111111111
"id588",42.8888888888889
"id589",63.4444444444444
"id590",59.8888888888889
"id591",40.6666666666667
"id592",48.3333333333333
"id593",56.8888888888889
"id594",41.8888888888889
"id595",58.4444444444444
"id596",56.4444444444444
"id597",58.6666666666667
"id598",47.8888888888889
"id599",71.4444444444444
"id600",45.4444444444444
"id601",76.8888888888889
"id602",53.8888888888889
"id603",64.6666666666667
"id604",52.1111111111111
"id605",56.8888888888889
"id606",52.4444444444444
"id607",52
"id608",56.2222222222222
"id609",65.8888888888889
"id610",60.3333333333333
"id611",66
"id612",66.3
"id613",64.8888888888889
"id614",63.3333333333333
"id615",60.6666666666667
"id616",60.5555555555556
"id617",64.1111111111111
"id618",63.6666666666667
"id619",53.4444444444444
"id620",65.1111111111111
"id621",67.1111111111111
"id622",75
"id623",67
"id624",52
"id625",77.7777777777778
"id626",62.3333333333333
"id627",63.2222222222222
"id628",60
"id629",49
"id630",37.8888888888889
"id631",68.2222222222222
"id632",43.3333333333333
"id633",50.2222222222222
"id634",63.2222222222222
"id635",77.7777777777778
"id636",27.6666666666667
"id637",76.7777777777778
"id638",66.1111111111111
"id639",33.8888888888889
"id640",56.3333333333333
"id641",36.1111111111111
"id642",71.3333333333333
"id643",68.6666666666667
"id644",52.5555555555556
"id645",38.2222222222222
"id646",57.5555555555556
"id647",57
"id648",61.3333333333333
"id649",73.4444444444444
"id650",71.8888888888889
"id651",47.6666666666667
"id652",76.4444444444444
"id653",54.1111111111111
"id654",59.8888888888889
"id655",63.8888888888889
"id656",25.4444444444444
"id657",44.7777777777778
"id658",42.6666666666667
"id659",72.2222222222222
"id660",77.3333333333333
"id661",52.4444444444444
"id662",54.2222222222222
"id663",54.4444444444444
"id664",71.8888888888889
"id665",86.7777777777778
"id666",60
"id667",29.7777777777778
"id668",70.6666666666667
"id669",46.5555555555556
"id670",62.7777777777778
"id671",60.4444444444444
"id672",42.6666666666667
"id673",53.7777777777778
"id674",69
"id675",24.3333333333333
"id676",54.8888888888889
"id677",63.2222222222222
"id678",21.5555555555556
"id679",27.6666666666667
"id680",70.8888888888889
"id681",63.5555555555556
"id682",61.3333333333333
"id683",48.1111111111111
"id684",78
"id685",26.7777777777778
"id686",58.5555555555556
"id687",64.8888888888889
"id688",55.5555555555556
"id689",62.5555555555556
"id690",46.3333333333333
"id691",67.6666666666667
"id692",68.8888888888889
"id693",47.4444444444444
"id694",71.3333333333333
"id695",55.4444444444444
"id696",65.4444444444444
"id697",44.1111111111111
"id698",50.1111111111111
"id699",61.1111111111111
"id700",68.4444444444444
"id701",74.6666666666667
"id702",60.6666666666667
"id703",76.3333333333333
"id704",43.5555555555556
"id705",75.4444444444444
"id706",69.6666666666667
"id707",54
"id708",51.4444444444444
"id709",38
"id710",77.4444444444444
"id711",65
"id712",56.8888888888889
"id713",51.1111111111111
"id714",53.3333333333333
"id715",81.7777777777778
"id716",61.8888888888889
"id717",33.7777777777778
"id718",63.3333333333333
"id719",46
"id720",41.5555555555556
"id721",53.7777777777778
"id722",58
"id723",68.2222222222222
"id724",50.2222222222222
"id725",78.1111111111111
"id726",74.1111111111111
"id727",64.4444444444444
"id728",35.6666666666667
"id729",75.7777777777778
"id730",51.3333333333333
"id731",64.2222222222222
"id732",70.7777777777778
"id733",43.4444444444444
"id734",74.3333333333333
"id735",50.6666666666667
"id736",47.5555555555556
"id737",29.2222222222222
"id738",33.8888888888889
"id739",69.5555555555556
"id740",61.7777777777778
"id741",51.4444444444444
"id742",42.2222222222222
"id743",50.7777777777778
"id744",52.3333333333333
"id745",51.1111111111111
"id746",72.2222222222222
"id747",34.1111111111111
"id748",48.4444444444444
"id749",61.6666666666667
"id750",56.4444444444444
"id751",49.1111111111111
"id752",70.4444444444444
"id753",55.3333333333333
"id754",65
"id755",60
"id756",43.4444444444444
"id757",68.8888888888889
"id758",68.7777777777778
"id759",86.4444444444444
"id760",75
"id761",56.7777777777778
"id762",57.3333333333333
"id763",65.7777777777778
"id764",36.8888888888889
"id765",45.2222222222222
"id766",50.2222222222222
"id767",60.7777777777778
"id768",51.8888888888889
"id769",61.5555555555556
"id770",63.5555555555556
"id771",54.8888888888889
"id772",50
"id773",58.1111111111111
"id774",59.6666666666667
"id775",59.3333333333333
"id776",77
"id777",26.6666666666667
"id778",70
"id779",93.5555555555556
"id780",69.3333333333333
"id781",47.3333333333333
"id782",68.3333333333333
"id783",36.7777777777778
"id784",66.2222222222222
"id785",61.7777777777778
"id786",69
"id787",63.3333333333333
"id788",72.8888888888889
"id789",61.8888888888889
"id790",60
"id791",72.8888888888889
"id792",59.2222222222222
"id793",56.7777777777778
"id794",68.7777777777778
"id795",35.7777777777778
"id796",85.2222222222222
"id797",75.1111111111111
"id798",61.2222222222222
"id799",69.4444444444444
"id800",62.4444444444444
"id801",54.8888888888889
"id802",76.2222222222222
"id803",57.2222222222222
"id804",64.1111111111111
"id805",67.1111111111111
"id806",74.1111111111111
"id807",59.3333333333333
"id808",68.7777777777778
"id809",50.3333333333333
"id810",58.6666666666667
"id811",40.7777777777778
"id812",57.3333333333333
"id813",53.2222222222222
"id814",59.2222222222222
"id815",60.4444444444444
"id816",56.6666666666667
"id817",43.7777777777778
"id818",57.7777777777778
"id819",60.6666666666667
"id820",68.3333333333333
"id821",58
"id822",75.7777777777778
"id823",60.7777777777778
"id824",43.5555555555556
"id825",55.5555555555556
"id826",68.7777777777778
"id827",45.7777777777778
"id828",33
"id829",75.3333333333333
"id830",72.2222222222222
"id831",35.4444444444444
"id832",52
"id833",38.8888888888889
"id834",74.5555555555556
"id835",41.4444444444444
"id836",63.8888888888889
"id837",58.1111111111111
"id838",77.3333333333333
"id839",75.1111111111111
"id840",70.6666666666667
"id841",64.6666666666667
"id842",66.1111111111111
"id843",72.3333333333333
"id844",63.7777777777778
"id845",59.7777777777778
"id846",49
"id847",60.4444444444444
"id848",69.1111111111111
"id849",68
"id850",63.2222222222222
"id851",67.2222222222222
"id852",47.6666666666667
"id853",63.5555555555556
"id854",70.3333333333333
"id855",31.8888888888889
"id856",40
"id857",21.2222222222222
"id858",50
"id859",56.4444444444444
"id860",48.5555555555556
"id861",47.8888888888889
"id862",69.2222222222222
"id863",71.8888888888889
"id864",45.6666666666667
"id865",42
"id866",75.5555555555556
"id867",63.7777777777778
"id868",58.4444444444444
"id869",65.4
"id870",66.2222222222222
"id871",70.8888888888889
"id872",66.7777777777778
"id873",52.5555555555556
"id874",54.3333333333333
"id875",63.3333333333333
"id876",63.8888888888889
"id877",49.3333333333333
"id878",67.1111111111111
"id879",60.8888888888889
"id880",51
"id881",27.3333333333333
"id882",52.8888888888889
"id883",54.1111111111111
"id884",41.5555555555556
"id885",69
"id886",81.2222222222222
"id887",61
"id888",65.2222222222222
"id889",64.3333333333333
"id890",30
"id891",62.2222222222222
"id892",66.1111111111111
"id893",52.2222222222222
"id894",63
"id895",73.7777777777778
"id896",62.4444444444444
"id897",67.8888888888889
"id898",59.3333333333333
"id899",62.1111111111111
"id900",74.1111111111111
"id901",55.7777777777778
"id902",73.7777777777778
"id903",48.6666666666667
"id904",49.1111111111111
"id905",62.8888888888889
"id906",57.1111111111111
"id907",63.3333333333333
"id908",58.7777777777778
"id909",65.5555555555556
"id910",67.3333333333333
"id911",53.2222222222222
"id912",75.3333333333333
"id913",44
"id914",43.3333333333333
"id915",32.2222222222222
"id916",52.8888888888889
"id917",71
"id918",81.2222222222222
"id919",52
"id920",31.7777777777778
"id921",65.3333333333333
"id922",46.1111111111111
"id923",53.5555555555556
"id924",46
"id925",51.7777777777778
"id926",80.8888888888889
"id927",53.1111111111111
"id928",90.3333333333333
"id929",43.2222222222222
"id930",68.1111111111111
"id931",57.6666666666667
"id932",70.5555555555556
"id933",44.1111111111111
"id934",67.4444444444444
"id935",62.3333333333333
"id936",59.8888888888889
"id937",60.8888888888889
"id938",66.8888888888889
"id939",64.4444444444444
"id940",53.8888888888889
"id941",61.3333333333333
"id942",48.4444444444444
"id943",60.3333333333333
"id944",72.4444444444444
"id945",62.1111111111111
"id946",80.7777777777778
"id947",59.1111111111111
"id948",76.3333333333333
"id949",75.6666666666667
"id950",57.7777777777778
"id951",64.5555555555556
"id952",69.3333333333333
"id953",72.4444444444444
"id954",90.3333333333333
"id955",67.5555555555556
"id956",59
"id957",62.3333333333333
"id958",75.5555555555556
"id959",70.4444444444444
"id960",49.8888888888889
"id961",66.6666666666667
"id962",38.1111111111111
"id963",50.6666666666667
"id964",57.3333333333333
"id965",47.3333333333333
"id966",80.4444444444444
"id967",52.8888888888889
"id968",67.8888888888889
"id969",56.2222222222222
"id970",69.7777777777778
"id971",52.4444444444444
"id972",52.5555555555556
"id973",27.4444444444444
"id974",66.5555555555556
"id975",54.3333333333333
"id976",55.3333333333333
"id977",70.3333333333333
"id978",84.7777777777778
"id979",48
"id980",80.7777777777778
"id981",28
"id982",59.7777777777778
"id983",61
"id984",39.1111111111111
"id985",60.2222222222222
"id986",53.6666666666667
"id987",42
"id988",70.5555555555556
"id989",67.6666666666667
"id990",49.3333333333333
"id991",83.3333333333333
"id992",45.8888888888889
"id993",64.7777777777778
"id994",57.4444444444444
"id995",67.7777777777778
"id996",58.6666666666667
"id997",65
"id998",62.3333333333333
"id999",58
"id1000",53
"id1001",40.5555555555556
"id1002",65
"id1003",68.2222222222222
"id1004",69.8888888888889
"id1005",72.1111111111111
"id1006",72.3333333333333
"id1007",81
"id1008",41.8888888888889
"id1009",30.3333333333333
"id1010",58.5555555555556
"id1011",52.3333333333333
"id1012",35.3333333333333
"id1013",80.7777777777778
"id1014",55.6666666666667
"id1015",26.5555555555556
"id1016",70.7777777777778
"id1017",78.4444444444444
"id1018",69.2222222222222
"id1019",77.2222222222222
"id1020",59.3333333333333
"id1021",23.4444444444444
"id1022",79.5555555555556
"id1023",59.5555555555556
"id1024",48.6666666666667
"id1025",69.2222222222222
"id1026",70.3333333333333
"id1027",70.2222222222222
"id1028",48.4444444444444
"id1029",45.4444444444444
"id1030",47.5555555555556
"id1031",68.3333333333333
"id1032",66.8888888888889
"id1033",66.2222222222222
"id1034",83
"id1035",75.3333333333333
"id1036",49.2222222222222
"id1037",37.6666666666667
"id1038",59.5555555555556
"id1039",83.1111111111111
"id1040",59.2222222222222
"id1041",76.4444444444444
"id1042",64.2222222222222
"id1043",85.1111111111111
"id1044",74
"id1045",67.8
"id1046",74.4444444444444
"id1047",73.3333333333333
"id1048",36.7777777777778
"id1049",78.4444444444444
"id1050",60.2222222222222
"id1051",67.8888888888889
"id1052",60.8888888888889
"id1053",50.1111111111111
"id1054",63.4444444444444
"id1055",91.4444444444444
"id1056",68.3333333333333
"id1057",39.2222222222222
"id1058",53
"id1059",40.4444444444444
"id1060",50.4444444444444
"id1061",67.5555555555556
"id1062",66
"id1063",51.7777777777778
"id1064",57.5555555555556
"id1065",60.8888888888889
"id1066",72.5555555555556
"id1067",45.1111111111111
"id1068",61.2222222222222
"id1069",57.5555555555556
"id1070",55.7777777777778
"id1071",57.5555555555556
"id1072",61
"id1073",49.6666666666667
"id1074",54.1111111111111
"id1075",38
"id1076",49.7777777777778
"id1077",78.6666666666667
"id1078",66.7777777777778
"id1079",42
"id1080",57.8888888888889
"id1081",51.3333333333333
"id1082",73.3333333333333
"id1083",64.4444444444444
"id1084",71.3333333333333
"id1085",67
"id1086",61.4444444444444
"id1087",42.8888888888889
"id1088",66.2222222222222
"id1089",52.7777777777778
"id1090",57.1111111111111
"id1091",60.3333333333333
"id1092",63.4444444444444
"id1093",64.1111111111111
"id1094",60.8888888888889
"id1095",73.8888888888889
"id1096",61
"id1097",75.2222222222222
"id1098",64.3333333333333
"id1099",48.7777777777778
"id1100",26.3333333333333
"id1101",50.4444444444444
"id1102",50.5555555555556
"id1103",33.5555555555556
"id1104",61.2222222222222
"id1105",55.3333333333333
"id1106",59.1111111111111
"id1107",64
"id1108",70.2222222222222
"id1109",30.6666666666667
"id1110",68.7777777777778
"id1111",21.1111111111111
"id1112",69.8888888888889
"id1113",55.5555555555556
"id1114",51
"id1115",67.1111111111111
"id1116",60.7777777777778
"id1117",58.5555555555556
"id1118",41.1111111111111
"id1119",55.8888888888889
"id1120",59.3333333333333
"id1121",58.8888888888889
"id1122",49.6666666666667
"id1123",42.3333333333333
"id1124",85.5555555555556
"id1125",66.2222222222222
"id1126",80.1111111111111
"id1127",29.8888888888889
"id1128",65.7777777777778
"id1129",33.2222222222222
"id1130",39.5555555555556
"id1131",52.2222222222222
"id1132",57
"id1133",74.7777777777778
"id1134",52.5555555555556
"id1135",58.4444444444444
"id1136",59.3333333333333
"id1137",64.1111111111111
"id1138",53.4444444444444
"id1139",20.7777777777778
"id1140",55.8888888888889
"id1141",59.7777777777778
"id1142",65.3333333333333
"id1143",80.5555555555556
"id1144",68.1111111111111
"id1145",43.1111111111111
"id1146",52
"id1147",67.4444444444444
"id1148",65.4444444444444
"id1149",58.4444444444444
"id1150",62.6666666666667
"id1151",41.1111111111111
"id1152",75.6666666666667
"id1153",67.8888888888889
"id1154",59.7777777777778
"id1155",51.4444444444444
"id1156",67
"id1157",83.1111111111111
"id1158",49.2222222222222
"id1159",66.6666666666667
"id1160",73.5555555555556
"id1161",66.4444444444444
"id1162",48.5555555555556
"id1163",54.6666666666667
"id1164",81
"id1165",59.2222222222222
"id1166",47.5555555555556
"id1167",68.8888888888889
"id1168",47.5555555555556
"id1169",27.4444444444444
"id1170",21.3333333333333
"id1171",61.1111111111111
"id1172",60.3333333333333
"id1173",70.4444444444444
"id1174",54.5555555555556
"id1175",57.8888888888889
"id1176",65.8888888888889
"id1177",49.1111111111111
"id1178",57.8888888888889
"id1179",64.7777777777778
"id1180",45.8888888888889
"id1181",53.4444444444444
"id1182",80.3333333333333
"id1183",47.6666666666667
"id1184",68.6666666666667
"id1185",73.1111111111111
"id1186",68
"id1187",69.4444444444444
"id1188",21.6666666666667
"id1189",65.6666666666667
"id1190",52.1111111111111
"id1191",90.3333333333333
"id1192",71.2222222222222
"id1193",73.6666666666667
"id1194",80.8888888888889
"id1195",58.2222222222222
"id1196",60.4444444444444
"id1197",65.2222222222222
"id1198",21
"id1199",65.3333333333333
"id1200",35.1111111111111
"id1201",70.4444444444444
"id1202",36.8888888888889
"id1203",42.3333333333333
"id1204",43.8888888888889
"id1205",41.1111111111111
"id1206",65.6666666666667
"id1207",46.8888888888889
"id1208",66.7777777777778
"id1209",28.6666666666667
"id1210",47.2222222222222
"id1211",60.5555555555556
"id1212",70.5555555555556
"id1213",31.6666666666667
"id1214",44.7777777777778
"id1215",27.2222222222222
"id1216",59.5555555555556
"id1217",62.8888888888889
"id1218",36.7777777777778
"id1219",63.5555555555556
"id1220",65.4444444444444
"id1221",52.7777777777778
"id1222",67.3333333333333
"id1223",47.7777777777778
"id1224",61.8888888888889
"id1225",65.4444444444444
"id1226",58
"id1227",42.8888888888889
"id1228",57.6666666666667
"id1229",70.6666666666667
"id1230",66.4444444444444
"id1231",25.8888888888889
"id1232",64.4444444444444
"id1233",64.2222222222222
"id1234",30.7777777777778
"id1235",63.4444444444444
"id1236",53.8888888888889
"id1237",76.1111111111111
"id1238",39.4444444444444
"id1239",50.4444444444444
"id1240",66.3333333333333
"id1241",55
"id1242",67.6666666666667
"id1243",65
"id1244",67
"id1245",82.4444444444444
"id1246",32.1111111111111
"id1247",50.8888888888889
"id1248",45.5555555555556
"id1249",51.5555555555556
"id1250",29.8888888888889
"id1251",36.5555555555556
"id1252",57.1111111111111
"id1253",70.3333333333333
"id1254",45.6666666666667
"id1255",60.1111111111111
"id1256",63
"id1257",62.4444444444444
"id1258",56.6666666666667
"id1259",50
"id1260",61.1111111111111
"id1261",48.4444444444444
"id1262",53.4444444444444
"id1263",64.4444444444444
"id1264",56.1111111111111
"id1265",71.6666666666667
"id1266",35.2222222222222
"id1267",36
"id1268",79
"id1269",63.5555555555556
"id1270",67.1111111111111
"id1271",63.8888888888889
"id1272",44.7777777777778
"id1273",49.3333333333333
"id1274",60.4444444444444
"id1275",69.3333333333333
"id1276",76
"id1277",55.2222222222222
"id1278",62.1111111111111
"id1279",69.6666666666667
"id1280",70.3333333333333
"id1281",86.4444444444444
"id1282",57.7777777777778
"id1283",69.6666666666667
"id1284",50.4444444444444
"id1285",52.4444444444444
"id1286",69.5555555555556
"id1287",69.1111111111111
"id1288",40.6666666666667
"id1289",50.7777777777778
"id1290",67.2222222222222
"id1291",64.5555555555556
"id1292",58.5555555555556
"id1293",59.3333333333333
"id1294",58.6666666666667
"id1295",44.6666666666667
"id1296",42.2222222222222
"id1297",59.3333333333333
"id1298",26.5555555555556
"id1299",61.6666666666667
"id1300",52.2222222222222
"id1301",58.5555555555556
"id1302",48.8888888888889
"id1303",50.7777777777778
"id1304",54.3333333333333
"id1305",77.7777777777778
"id1306",38.4444444444444
"id1307",58.2222222222222
"id1308",60.4444444444444
"id1309",65
"id1310",55
"id1311",51.1111111111111
"id1312",74
"id1313",60
"id1314",56.4444444444444
"id1315",61.2222222222222
"id1316",61.6666666666667
"id1317",28
"id1318",59.5555555555556
"id1319",53
"id1320",49.6666666666667
"id1321",66.1111111111111
"id1322",49
"id1323",46.1111111111111
"id1324",54
"id1325",37.2222222222222
"id1326",58.1111111111111
"id1327",79.8888888888889
"id1328",78.5555555555556
"id1329",33.2222222222222
"id1330",43.8888888888889
"id1331",27.2222222222222
"id1332",61.1111111111111
"id1333",77.1111111111111
"id1334",51.2222222222222
"id1335",48
"id1336",79.3333333333333
"id1337",71.8888888888889
"id1338",64.4444444444444
"id1339",74.7777777777778
"id1340",26.7777777777778
"id1341",53.6666666666667
"id1342",71.2222222222222
"id1343",62.8888888888889
"id1344",50.4444444444444
"id1345",52.6666666666667
"id1346",49.2222222222222
"id1347",52.5555555555556
"id1348",69.2222222222222
"id1349",36.6666666666667
"id1350",63.9
"id1351",69.5555555555556
"id1352",63.7777777777778
"id1353",59.2222222222222
"id1354",81
"id1355",37.8888888888889
"id1356",64.3333333333333
"id1357",48.8888888888889
"id1358",33.2222222222222
"id1359",58.5555555555556
"id1360",48
"id1361",70
"id1362",57.8888888888889
"id1363",38.2222222222222
"id1364",66.8888888888889
"id1365",57.1111111111111
"id1366",41.3333333333333
"id1367",65.8888888888889
"id1368",58.8888888888889
"id1369",47
"id1370",70.8888888888889
"id1371",45.1111111111111
"id1372",67.8888888888889
"id1373",59.3333333333333
"id1374",59.1111111111111
"id1375",35.6666666666667
"id1376",64.3333333333333
"id1377",58.7777777777778
"id1378",32.1111111111111
"id1379",51.1111111111111
"id1380",39.3333333333333
"id1381",60.6666666666667
"id1382",71.8888888888889
"id1383",57.4444444444444
"id1384",56.3333333333333
"id1385",64.2222222222222
"id1386",69
"id1387",66.5555555555556
"id1388",65.5555555555556
"id1389",57.5555555555556
"id1390",66
"id1391",82
"id1392",56.3333333333333
"id1393",66.6666666666667
"id1394",59.4444444444444
"id1395",63
"id1396",52.3333333333333
"id1397",64.6666666666667
"id1398",47.1111111111111
"id1399",35.3333333333333
"id1400",66.6666666666667
"id1401",66.6666666666667
"id1402",59.1111111111111
"id1403",81.1111111111111
"id1404",68.5555555555556
"id1405",51.1111111111111
"id1406",44.4444444444444
"id1407",59.5555555555556
"id1408",51.5555555555556
"id1409",57.6666666666667
"id1410",67.3333333333333
"id1411",62.6666666666667
"id1412",52.4444444444444
"id1413",74.4444444444444
"id1414",60.2222222222222
"id1415",32
"id1416",51.8888888888889
"id1417",51.2222222222222
"id1418",77.1111111111111
"id1419",45.4444444444444
"id1420",24.8888888888889
"id1421",73.2222222222222
"id1422",56.7777777777778
"id1423",49.5555555555556
"id1424",53.7777777777778
"id1425",72.1111111111111
"id1426",46.8888888888889
"id1427",43.8888888888889
"id1428",51.2222222222222
"id1429",72
"id1430",37.4444444444444
"id1431",38.8888888888889
"id1432",59
"id1433",60.2222222222222
"id1434",66.1111111111111
"id1435",64.1111111111111
"id1436",76.6666666666667
"id1437",51.2222222222222
"id1438",27
"id1439",63
"id1440",65.2222222222222
"id1441",35.3333333333333
"id1442",37
"id1443",38.4444444444444
"id1444",63
"id1445",69.3333333333333
"id1446",44.2222222222222
"id1447",52.5555555555556
"id1448",78
"id1449",58.2222222222222
"id1450",69.2222222222222
"id1451",83.8888888888889
"id1452",58.7777777777778
"id1453",60.6666666666667
"id1454",48
"id1455",68.7777777777778
"id1456",62.4444444444444
"id1457",70.5555555555556
"id1458",43
"id1459",70.5555555555556
"id1460",42.4444444444444
"id1461",66.3333333333333
"id1462",62.5555555555556
"id1463",48.7777777777778
"id1464",70
"id1465",74.8888888888889
"id1466",64.8888888888889
"id1467",72.5555555555556
"id1468",57.2222222222222
"id1469",44.5555555555556
"id1470",40.7777777777778
"id1471",60.1111111111111
"id1472",65.4444444444444
"id1473",68
"id1474",61.6666666666667
"id1475",65.4444444444444
"id1476",58.3333333333333
"id1477",41.2222222222222
"id1478",56.6666666666667
"id1479",68.4444444444444
"id1480",72.5555555555556
"id1481",77
"id1482",35.7777777777778
"id1483",63.1111111111111
"id1484",52.5555555555556
"id1485",52.7777777777778
"id1486",62.8888888888889
"id1487",54.4444444444444
"id1488",64.5555555555556
"id1489",56.2222222222222
"id1490",22.7777777777778
"id1491",49.2222222222222
"id1492",54.6666666666667
"id1493",45.6666666666667
"id1494",57.5555555555556
"id1495",70.3333333333333
"id1496",61.1111111111111
"id1497",39.6666666666667
"id1498",59.5555555555556
"id1499",50.4444444444444
"id1500",77.8888888888889
"id1501",44.8888888888889
"id1502",62.6666666666667
"id1503",64.7777777777778
"id1504",67.6666666666667
"id1505",59.8888888888889
"id1506",85.4444444444444
"id1507",53.8888888888889
"id1508",56
"id1509",37.6666666666667
"id1510",42.5555555555556
"id1511",73.8888888888889
"id1512",43.8888888888889
"id1513",67.7777777777778
"id1514",61.2222222222222
"id1515",62.1111111111111
"id1516",68.5555555555556
"id1517",65.2222222222222
"id1518",61
"id1519",39.4444444444444
"id1520",47
"id1521",59.2222222222222
"id1522",69.8888888888889
"id1523",64.8888888888889
"id1524",62.1111111111111
"id1525",60.1111111111111
"id1526",42
"id1527",83.3333333333333
"id1528",74.1111111111111
"id1529",46.4444444444444
"id1530",56.7777777777778
"id1531",70.4444444444444
"id1532",32.8888888888889
"id1533",55.3333333333333
"id1534",38.1111111111111
"id1535",68
"id1536",78.6666666666667
"id1537",44.2222222222222
"id1538",65.5555555555556
"id1539",61.3333333333333
"id1540",67.8888888888889
"id1541",49.1111111111111
"id1542",51.1111111111111
"id1543",72
"id1544",63.4444444444444
"id1545",55
"id1546",40.5555555555556
"id1547",75.5555555555556
"id1548",50.6666666666667
"id1549",49.1111111111111
"id1550",61.1111111111111
"id1551",24
"id1552",55.5555555555556
"id1553",26.4444444444444
"id1554",61.8888888888889
"id1555",71.7777777777778
"id1556",64.2222222222222
"id1557",43.4444444444444
"id1558",68.4444444444444
"id1559",59.1111111111111
"id1560",60.6666666666667
"id1561",56
"id1562",59.3333333333333
"id1563",47
"id1564",25.8888888888889
"id1565",39.6666666666667
"id1566",55.4444444444444
"id1567",56
"id1568",64
"id1569",61.6666666666667
"id1570",63.6666666666667
"id1571",63.5555555555556
"id1572",56
"id1573",63.3333333333333
"id1574",50.6666666666667
"id1575",49.1111111111111
"id1576",75
"id1577",29.8888888888889
"id1578",60
"id1579",60
"id1580",40.6666666666667
"id1581",67.1111111111111
"id1582",58.6666666666667
"id1583",45.7777777777778
"id1584",63.7777777777778
"id1585",59.6666666666667
"id1586",68.3333333333333
"id1587",49.3333333333333
"id1588",58
"id1589",65.3333333333333
"id1590",51.7777777777778
"id1591",65.8888888888889
"id1592",48
"id1593",61.8888888888889
"id1594",64.1111111111111
"id1595",48.4444444444444
"id1596",63
"id1597",66.3333333333333
"id1598",66
"id1599",67.5555555555556
"id1600",63.8888888888889
"id1601",65.6666666666667
"id1602",63.2222222222222
"id1603",61.6666666666667
"id1604",55.6666666666667
"id1605",56.7777777777778
"id1606",62.2222222222222
"id1607",77.2222222222222
"id1608",47.6666666666667
"id1609",56.4444444444444
"id1610",76.8888888888889
"id1611",44.7777777777778
"id1612",77.6666666666667
"id1613",77
"id1614",54.4444444444444
"id1615",66.7777777777778
"id1616",50.7777777777778
"id1617",61.6666666666667
"id1618",58.2222222222222
"id1619",54.6666666666667
"id1620",52.6666666666667
"id1621",32.5555555555556
"id1622",57.2222222222222
"id1623",68
"id1624",51.4444444444444
"id1625",51.3333333333333
"id1626",58.4444444444444
"id1627",56.2222222222222
"id1628",66.8888888888889
"id1629",70.1111111111111
"id1630",70.8888888888889
"id1631",73
"id1632",73.2222222222222
"id1633",70.2222222222222
"id1634",64.5555555555556
"id1635",65.4444444444444
"id1636",59.1111111111111
"id1637",66.5555555555556
"id1638",61.1111111111111
"id1639",53.3333333333333
"id1640",36.7777777777778
"id1641",57.5555555555556
"id1642",62.8888888888889
"id1643",55.3333333333333
"id1644",56.5555555555556
"id1645",60.2222222222222
"id1646",60.8888888888889
"id1647",51.2222222222222
"id1648",19.5555555555556
"id1649",46.1111111111111
"id1650",47.2222222222222
"id1651",61.7777777777778
"id1652",52.6666666666667
"id1653",84.5555555555556
"id1654",52.4444444444444
"id1655",58
"id1656",50.4444444444444
"id1657",71
"id1658",50.5555555555556
"id1659",69
"id1660",69.2222222222222
"id1661",42.6666666666667
"id1662",40.3333333333333
"id1663",72.2222222222222
"id1664",58.7777777777778
"id1665",54.5555555555556
"id1666",47.5555555555556
"id1667",31
"id1668",41.7777777777778
"id1669",49.1111111111111
"id1670",49.6666666666667
"id1671",60.3333333333333
"id1672",60.3333333333333
"id1673",60
"id1674",65.1111111111111
"id1675",43.4444444444444
"id1676",58
"id1677",38.8888888888889
"id1678",63.6666666666667
"id1679",65.7777777777778
"id1680",60.1111111111111
"id1681",33.1111111111111
"id1682",39.1111111111111
"id1683",51.7777777777778
"id1684",55
"id1685",63.7777777777778
"id1686",55.7777777777778
"id1687",56.1111111111111
"id1688",63.8888888888889
"id1689",51.2222222222222
"id1690",38.4444444444444
"id1691",52
"id1692",61
"id1693",56.5555555555556
"id1694",44.3333333333333
"id1695",21.6666666666667
"id1696",59.6666666666667
"id1697",71
"id1698",53.5555555555556
"id1699",73.6666666666667
"id1700",66.7777777777778
"id1701",64
"id1702",51
"id1703",62.2222222222222
"id1704",75.2222222222222
"id1705",53.1111111111111
"id1706",51.7777777777778
"id1707",83.3333333333333
"id1708",55.2222222222222
"id1709",58.4444444444444
"id1710",56.8888888888889
"id1711",63.6666666666667
"id1712",62.2222222222222
"id1713",41.3333333333333
"id1714",52.1111111111111
"id1715",79.7777777777778
"id1716",61.7777777777778
"id1717",86.8888888888889
"id1718",65.4444444444444
"id1719",72.7777777777778
"id1720",62.1111111111111
"id1721",32.4444444444444
"id1722",66.6666666666667
"id1723",71.3333333333333
"id1724",57.4444444444444
"id1725",48.3333333333333
"id1726",70.5555555555556
"id1727",60.1111111111111
"id1728",45.1111111111111
"id1729",53.3333333333333
"id1730",45
"id1731",69.2222222222222
"id1732",37.5555555555556
"id1733",54
"id1734",80.3333333333333
"id1735",69.4444444444444
"id1736",60.8888888888889
"id1737",65.4444444444444
"id1738",57.6666666666667
"id1739",59.7777777777778
"id1740",53.5555555555556
"id1741",52.8888888888889
"id1742",48.6666666666667
"id1743",69.6666666666667
"id1744",44.6666666666667
"id1745",38.7777777777778
"id1746",57.7777777777778
"id1747",70.5555555555556
"id1748",42.1111111111111
"id1749",73.4444444444444
"id1750",70.5555555555556
"id1751",54.5555555555556
"id1752",44.7777777777778
"id1753",67.6666666666667
"id1754",54.3333333333333
"id1755",71.2222222222222
"id1756",68.8888888888889
"id1757",62.4444444444444
"id1758",66.3333333333333
"id1759",68.2222222222222
"id1760",65
"id1761",68.5555555555556
"id1762",38.3333333333333
"id1763",48.8888888888889
"id1764",50.7777777777778
"id1765",75.2222222222222
"id1766",48.1111111111111
"id1767",50.4444444444444
"id1768",24.1111111111111
"id1769",61.6666666666667
"id1770",72.6666666666667
"id1771",65.8888888888889
"id1772",60.7777777777778
"id1773",58.1111111111111
"id1774",61.5555555555556
"id1775",60.7777777777778
"id1776",67.1111111111111
"id1777",27.1111111111111
"id1778",66
"id1779",62.4444444444444
"id1780",62.2222222222222
"id1781",36.7777777777778
"id1782",57.5555555555556
"id1783",64.1111111111111
"id1784",68.6666666666667
"id1785",59.7777777777778
"id1786",67.1111111111111
"id1787",56.5555555555556
"id1788",63.5555555555556
"id1789",44.7777777777778
"id1790",53.1111111111111
"id1791",53.3333333333333
"id1792",58.5555555555556
"id1793",60.8888888888889
"id1794",29.3333333333333
"id1795",37.1111111111111
"id1796",44.1111111111111
"id1797",71.2222222222222
"id1798",64.8888888888889
"id1799",65.5555555555556
"id1800",46.5555555555556
"id1801",58.2222222222222
"id1802",68.3333333333333
"id1803",62.8888888888889
"id1804",44.7777777777778
"id1805",26.6666666666667
"id1806",72.5555555555556
"id1807",54.2222222222222
"id1808",23.4444444444444
"id1809",70.1111111111111
"id1810",61.4444444444444
"id1811",66.3333333333333
"id1812",72.7777777777778
"id1813",64.2222222222222
"id1814",63.7777777777778
"id1815",64.3333333333333
"id1816",53.7777777777778
"id1817",56.1111111111111
"id1818",64
"id1819",26.6666666666667
"id1820",68.8888888888889
"id1821",57.1111111111111
"id1822",62
"id1823",70.4444444444444
"id1824",64.5555555555556
"id1825",58.6666666666667
"id1826",63.3333333333333
"id1827",61.7777777777778
"id1828",83.7777777777778
"id1829",74.2222222222222
"id1830",58.2222222222222
"id1831",28.2222222222222
"id1832",48.1111111111111
"id1833",55.8888888888889
"id1834",52.6666666666667
"id1835",34.4444444444444
"id1836",60.7777777777778
"id1837",54.7777777777778
"id1838",31.8888888888889
"id1839",61
"id1840",37.5555555555556
"id1841",42.2222222222222
"id1842",73.4444444444444
"id1843",68.1111111111111
"id1844",63.2222222222222
"id1845",54.7777777777778
"id1846",58.7777777777778
"id1847",21.7777777777778
"id1848",36.2222222222222
"id1849",29
"id1850",62.8888888888889
"id1851",46.8888888888889
"id1852",63.8888888888889
"id1853",32.8888888888889
"id1854",29.5555555555556
"id1855",49
"id1856",67.1111111111111
"id1857",72.6666666666667
"id1858",38
"id1859",53.1111111111111
"id1860",57.3333333333333
"id1861",70
"id1862",65.2222222222222
"id1863",78.3333333333333
"id1864",35.5555555555556
"id1865",48.5555555555556
"id1866",36
"id1867",62.4444444444444
"id1868",60.1111111111111
"id1869",46.7777777777778
"id1870",71
"id1871",69.2222222222222
"id1872",63.2222222222222
"id1873",43.5555555555556
"id1874",63.8888888888889
"id1875",64.5555555555556
"id1876",67.4444444444444
"id1877",59.5555555555556
"id1878",46.6666666666667
"id1879",53.3333333333333
"id1880",62.3333333333333
"id1881",77.7777777777778
"id1882",78.5555555555556
"id1883",63.2222222222222
"id1884",56.4444444444444
"id1885",66.4444444444444
"id1886",57.5555555555556
"id1887",54.6666666666667
"id1888",75.8888888888889
"id1889",61.3333333333333
"id1890",67.8888888888889
"id1891",67.7777777777778
"id1892",59.6666666666667
"id1893",48.8888888888889
"id1894",68.1111111111111
"id1895",60
"id1896",33.1111111111111
"id1897",68
"id1898",36.5555555555556
"id1899",23.3333333333333
"id1900",50.6666666666667
"id1901",71.4444444444444
"id1902",31.2222222222222
"id1903",62.8888888888889
"id1904",47.1111111111111
"id1905",47.4444444444444
"id1906",52.2222222222222
"id1907",68.2222222222222
"id1908",48.7777777777778
"id1909",46.1111111111111
"id1910",45.7777777777778
"id1911",74.2222222222222
"id1912",75.1111111111111
"id1913",60.4444444444444
"id1914",70.1111111111111
"id1915",61.1111111111111
"id1916",30.8888888888889
"id1917",47.6666666666667
"id1918",70
"id1919",64.7777777777778
"id1920",64.7777777777778
"id1921",61.6666666666667
"id1922",66.2222222222222
"id1923",47.4444444444444
"id1924",44.8888888888889
"id1925",36.7777777777778
"id1926",71.4444444444444
"id1927",53.7777777777778
"id1928",44.7777777777778
"id1929",36.5555555555556
"id1930",59.3333333333333
"id1931",64.4444444444444
"id1932",64
"id1933",56.3333333333333
"id1934",61.8888888888889
"id1935",59.2222222222222
"id1936",45
"id1937",80.3333333333333
"id1938",60
"id1939",53.4444444444444
"id1940",57.6666666666667
"id1941",69.7777777777778
"id1942",57.5555555555556
"id1943",77.1111111111111
"id1944",63.1111111111111
"id1945",56.1111111111111
"id1946",50
"id1947",59.6666666666667
"id1948",64.6666666666667
"id1949",74.5555555555556
"id1950",70.3333333333333
"id1951",72.8888888888889
"id1952",47.6666666666667
"id1953",45.3333333333333
"id1954",69
"id1955",31.5555555555556
"id1956",75.1111111111111
"id1957",46
"id1958",56.1111111111111
"id1959",59.2222222222222
"id1960",52.8888888888889
"id1961",61.2222222222222
"id1962",28.5555555555556
"id1963",73.5555555555556
"id1964",57.7777777777778
"id1965",71.6
"id1966",56.6666666666667
"id1967",65.7777777777778
"id1968",57.2222222222222
"id1969",50.2222222222222
"id1970",60
"id1971",50.2222222222222
"id1972",59.6666666666667
"id1973",84.5555555555556
"id1974",72.8888888888889
"id1975",60.1111111111111
"id1976",40.1111111111111
"id1977",79.2222222222222
"id1978",63.5555555555556
"id1979",67.1111111111111
"id1980",51.8888888888889
"id1981",40.7777777777778
"id1982",78.3333333333333
"id1983",65.4444444444444
"id1984",67.6666666666667
"id1985",70.4444444444444
"id1986",53.8888888888889
"id1987",65.8888888888889
"id1988",63
"id1989",41
"id1990",43.4444444444444
"id1991",72.3333333333333
"id1992",74
"id1993",29.6666666666667
"id1994",62
"id1995",42.2222222222222
"id1996",38
"id1997",57.2222222222222
"id1998",67.5555555555556
"id1999",56.2222222222222
"id2000",67
"id2001",41.1111111111111
"id2002",51
"id2003",47.8888888888889
"id2004",58.8888888888889
"id2005",52.5555555555556
"id2006",61
"id2007",80.1111111111111
"id2008",64.6666666666667
"id2009",64.4444444444444
"id2010",43
"id2011",66
"id2012",62.4444444444444
"id2013",79.1111111111111
"id2014",31.1111111111111
"id2015",60.6666666666667
"id2016",56
"id2017",73.6666666666667
"id2018",58.7777777777778
"id2019",45.6666666666667
"id2020",43.3333333333333
"id2021",48.6666666666667
"id2022",71.3333333333333
"id2023",60.2222222222222
"id2024",66.6666666666667
"id2025",45
"id2026",47.8888888888889
"id2027",50.6666666666667
"id2028",58
"id2029",67
"id2030",40.8888888888889
"id2031",37.8888888888889
"id2032",70.8888888888889
"id2033",48.1111111111111
"id2034",60.7777777777778
"id2035",58.5555555555556
"id2036",54.2222222222222
"id2037",54.4444444444444
"id2038",68
"id2039",49.3333333333333
"id2040",27.6666666666667
"id2041",26.6666666666667
"id2042",46.4444444444444
"id2043",28.4444444444444
"id2044",71.1111111111111
"id2045",64.7777777777778
"id2046",50.3333333333333
"id2047",40.1111111111111
"id2048",69.6666666666667
"id2049",51.3333333333333
"id2050",62.1111111111111
"id2051",70.3333333333333
"id2052",36.8888888888889
"id2053",70
"id2054",49
"id2055",50.3333333333333
"id2056",64.8888888888889
"id2057",32.3333333333333
"id2058",65.5555555555556
"id2059",88.7777777777778
"id2060",64.6666666666667
"id2061",29.2222222222222
"id2062",78.5555555555556
"id2063",63.6666666666667
"id2064",32.4444444444444
"id2065",65.1111111111111
"id2066",66.7777777777778
"id2067",72.8888888888889
"id2068",66.8888888888889
"id2069",64.6666666666667
"id2070",26.1111111111111
"id2071",45.1111111111111
"id2072",58.6666666666667
"id2073",66.7777777777778
"id2074",63.3333333333333
"id2075",47.7777777777778
"id2076",37.3333333333333
"id2077",50.6666666666667
"id2078",62.6666666666667
"id2079",76.1111111111111
"id2080",51
"id2081",62.6666666666667
"id2082",50.7777777777778
"id2083",73.7777777777778
"id2084",61.3333333333333
"id2085",51.7777777777778
"id2086",60.1111111111111
"id2087",62.5555555555556
"id2088",77.2222222222222
"id2089",61.1111111111111
"id2090",57.3333333333333
"id2091",29
"id2092",25.7777777777778
"id2093",64.1111111111111
"id2094",79.4444444444444
"id2095",75.2222222222222
"id2096",60.3333333333333
"id2097",53.5555555555556
"id2098",54.1111111111111
"id2099",64.4444444444444
"id2100",27.4444444444444
"id2101",71.6666666666667
"id2102",56
"id2103",61.5555555555556
"id2104",32.3333333333333
"id2105",54.5555555555556
"id2106",65.6666666666667
"id2107",77.7777777777778
"id2108",67.5555555555556
"id2109",49.4444444444444
"id2110",60
"id2111",65.7777777777778
"id2112",73.5555555555556
"id2113",75.6666666666667
"id2114",56
"id2115",51.8888888888889
"id2116",75.3333333333333
"id2117",78.1111111111111
"id2118",42
"id2119",54.3333333333333
"id2120",72.8888888888889
"id2121",58.1111111111111
"id2122",70.3333333333333
"id2123",51.1111111111111
"id2124",61.7777777777778
"id2125",40.1111111111111
"id2126",58.6666666666667
"id2127",49
"id2128",40.5555555555556
"id2129",54.8888888888889
"id2130",72.3333333333333
"id2131",48.6666666666667
"id2132",62.8888888888889
"id2133",73.5555555555556
"id2134",23.1111111111111
"id2135",61.6666666666667
"id2136",25.2222222222222
"id2137",45.1111111111111
"id2138",76.5555555555556
"id2139",53.4444444444444
"id2140",58
"id2141",71
"id2142",74.8888888888889
"id2143",50.8888888888889
"id2144",69.2222222222222
"id2145",57.3333333333333
"id2146",60.4444444444444
"id2147",82.8888888888889
"id2148",72.5555555555556
"id2149",27.1111111111111
"id2150",63.5555555555556
"id2151",64.4444444444444
"id2152",57.3333333333333
"id2153",70.7777777777778
"id2154",64.5555555555556
"id2155",59.5555555555556
"id2156",67.7777777777778
"id2157",67.4444444444444
"id2158",59.4444444444444
"id2159",88.2222222222222
"id2160",32
"id2161",48
"id2162",37.1111111111111
"id2163",27.1111111111111
"id2164",49.1111111111111
"id2165",69.1111111111111
"id2166",41.6666666666667
"id2167",68.3333333333333
"id2168",67.3333333333333
"id2169",21.7777777777778
"id2170",36.4444444444444
"id2171",66.7777777777778
"id2172",53.3333333333333
"id2173",60.6666666666667
"id2174",45.2222222222222
"id2175",61
"id2176",56
"id2177",56.5555555555556
"id2178",59.7777777777778
"id2179",71.7777777777778
"id2180",57.5555555555556
"id2181",58.6666666666667
"id2182",36.6666666666667
"id2183",55.5555555555556
"id2184",55.4444444444444
"id2185",60.6666666666667
"id2186",58
"id2187",67
"id2188",64.1111111111111
"id2189",62
"id2190",64.1111111111111
"id2191",48.3333333333333
"id2192",44.8888888888889
"id2193",30.6666666666667
"id2194",60.8888888888889
"id2195",63.1111111111111
"id2196",42.7777777777778
"id2197",66.3333333333333
"id2198",76.5555555555556
"id2199",62.3333333333333
"id2200",67.7777777777778
"id2201",55.5555555555556
"id2202",46.3333333333333
"id2203",70.4444444444444
"id2204",53.3333333333333
"id2205",53.8888888888889
"id2206",64.2222222222222
"id2207",77.2222222222222
"id2208",42.2222222222222
"id2209",56.1111111111111
"id2210",63.6666666666667
"id2211",83.4444444444444
"id2212",53.7777777777778
"id2213",67.3333333333333
"id2214",33.6666666666667
"id2215",70.8888888888889
"id2216",36.5555555555556
"id2217",56.7777777777778
"id2218",49.5555555555556
"id2219",39.8888888888889
"id2220",31.2222222222222
"id2221",68.3333333333333
"id2222",40.8888888888889
"id2223",53.5555555555556
"id2224",67.2222222222222
"id2225",67.4444444444444
"id2226",59.5555555555556
"id2227",49.8888888888889
"id2228",46.7777777777778
"id2229",58.6666666666667
"id2230",52
"id2231",59.4444444444444
"id2232",64.8888888888889
"id2233",44
"id2234",70.1111111111111
"id2235",53.8888888888889
"id2236",63.6666666666667
"id2237",62
"id2238",68.8888888888889
"id2239",58
"id2240",52.2222222222222
"id2241",50.5555555555556
"id2242",52.4444444444444
"id2243",63.3333333333333
"id2244",55.8888888888889
"id2245",36
"id2246",50.2222222222222
"id2247",53.1111111111111
"id2248",54.7777777777778
"id2249",52.2222222222222
"id2250",29.8888888888889
"id2251",66.5555555555556
"id2252",39.7777777777778
"id2253",30
"id2254",50.5555555555556
"id2255",60.4444444444444
"id2256",65.5555555555556
"id2257",65.8888888888889
"id2258",63.5555555555556
"id2259",75.6666666666667
"id2260",56.7777777777778
"id2261",60.1111111111111
"id2262",49.3333333333333
"id2263",65.1111111111111
"id2264",66.6666666666667
"id2265",39.2222222222222
"id2266",66.2222222222222
"id2267",62.3333333333333
"id2268",62.2222222222222
"id2269",50.6666666666667
"id2270",56.8888888888889
"id2271",66.3333333333333
"id2272",57.7777777777778
"id2273",78.3333333333333
"id2274",40.6666666666667
"id2275",69.3333333333333
"id2276",59.7777777777778
"id2277",53
"id2278",73.4444444444444
"id2279",76.2222222222222
"id2280",56.1111111111111
"id2281",49.2222222222222
"id2282",48.2222222222222
"id2283",70.5555555555556
"id2284",67.3333333333333
"id2285",58.7777777777778
"id2286",61.5555555555556
"id2287",63.7777777777778
"id2288",54.7777777777778
"id2289",56.6666666666667
"id2290",59.6666666666667
"id2291",70.7777777777778
"id2292",58.6666666666667
"id2293",56.4444444444444
"id2294",60.2222222222222
"id2295",57.1111111111111
"id2296",57.7777777777778
"id2297",70
"id2298",62.4444444444444
"id2299",49.2222222222222
"id2300",62
"id2301",58.2222222222222
"id2302",45.1111111111111
"id2303",52.6666666666667
"id2304",52.1111111111111
"id2305",64.3333333333333
"id2306",54.1111111111111
"id2307",62.6666666666667
"id2308",77.8888888888889
"id2309",39.5555555555556
"id2310",58.8888888888889
"id2311",64.8888888888889
"id2312",62.6666666666667
"id2313",59.2222222222222
"id2314",64.7777777777778
"id2315",58.6666666666667
"id2316",30.5555555555556
"id2317",69.9
"id2318",66.4444444444444
"id2319",54.4444444444444
"id2320",49.6666666666667
"id2321",60.7777777777778
"id2322",52.6666666666667
"id2323",58.2222222222222
"id2324",30.8888888888889
"id2325",50.3333333333333
"id2326",65.7777777777778
"id2327",68
"id2328",61
"id2329",51.1111111111111
"id2330",47.6666666666667
"id2331",67.4444444444444
"id2332",61.7777777777778
"id2333",70.5555555555556
"id2334",60.5555555555556
"id2335",72.2222222222222
"id2336",64.2222222222222
"id2337",63.6666666666667
"id2338",51.4444444444444
"id2339",61.5555555555556
"id2340",55.1111111111111
"id2341",67.1111111111111
"id2342",24.8888888888889
"id2343",59.3333333333333
"id2344",45.5555555555556
"id2345",47.5555555555556
"id2346",67.3333333333333
"id2347",53.8888888888889
"id2348",50
"id2349",62.3333333333333
"id2350",57.3333333333333
"id2351",57.7777777777778
"id2352",57.2222222222222
"id2353",25.1111111111111
"id2354",31.7777777777778
"id2355",63.8888888888889
"id2356",25.2222222222222
"id2357",40.7777777777778
"id2358",48.2222222222222
"id2359",62.7777777777778
"id2360",37.3333333333333
"id2361",53.5555555555556
"id2362",49.8888888888889
"id2363",52.6666666666667
"id2364",55.1111111111111
"id2365",67
"id2366",60.4444444444444
"id2367",70.4444444444444
"id2368",22.2222222222222
"id2369",69.8888888888889
"id2370",91
"id2371",79.4444444444444
"id2372",59.6666666666667
"id2373",55.5555555555556
"id2374",69.7777777777778
"id2375",66.3333333333333
"id2376",55.7777777777778
"id2377",32.8888888888889
"id2378",65.7777777777778
"id2379",64.7777777777778
"id2380",68.7777777777778
"id2381",25.2222222222222
"id2382",53.1111111111111
"id2383",43.5555555555556
"id2384",50.7777777777778
"id2385",60.7777777777778
"id2386",47.8888888888889
"id2387",63.5555555555556
"id2388",64
"id2389",80.3333333333333
"id2390",75
"id2391",67.5555555555556
"id2392",61.4444444444444
"id2393",59.4444444444444
"id2394",50
"id2395",57.1111111111111
"id2396",65.8888888888889
"id2397",63.3333333333333
"id2398",57.3333333333333
"id2399",60.5555555555556
"id2400",60.2222222222222
"id2401",62.7777777777778
"id2402",57
"id2403",87.2222222222222
"id2404",51.2222222222222
"id2405",75.1111111111111
"id2406",68.3333333333333
"id2407",51.8888888888889
"id2408",50.6666666666667
"id2409",53.8888888888889
"id2410",48
"id2411",57.4444444444444
"id2412",69.6666666666667
"id2413",63.1111111111111
"id2414",37.4444444444444
"id2415",51.8888888888889
"id2416",71.5555555555556
"id2417",68.6666666666667
"id2418",52.1111111111111
"id2419",30.3333333333333
"id2420",75.1111111111111
"id2421",55.6666666666667
"id2422",24.1111111111111
"id2423",60.3333333333333
"id2424",50.5555555555556
"id2425",54.6666666666667
"id2426",58.2222222222222
"id2427",66.1111111111111
"id2428",80.4444444444444
"id2429",72.7777777777778
"id2430",42.6666666666667
"id2431",58.3333333333333
"id2432",41.6666666666667
"id2433",46.2222222222222
"id2434",61.5555555555556
"id2435",52.6666666666667
"id2436",63.5555555555556
