id,"song_popularity"
1,53
2,48
3,59
4,54
5,53
6,42
7,48
8,56
9,45
10,52
11,6
12,54
13,49
14,55
15,52
16,47
17,4
18,5
19,51
20,47
21,4
22,54
23,44
24,39
25,49
26,48
27,54
28,47
29,59
30,46
31,46
32,52
33,48
34,37
35,48
36,4
37,54
38,5
39,31
40,5
41,57
42,5
43,52
44,39
45,49
46,41
47,66
48,49
49,56
50,5
51,44
52,47
53,52
54,52
55,41
56,54
57,47
58,62
59,59
60,39
61,35
62,46
63,51
64,4
65,48
66,52
67,48
68,51
69,5
70,38
71,49
72,51
73,6
74,65
75,5
76,61
77,49
78,54
79,54
80,39
81,43
82,76
83,5
84,54
85,5
86,37
87,54
88,49
89,53
90,59
91,5
92,44
93,42
94,48
95,54
96,53
97,5
98,5
99,44
100,48
101,43
102,59
103,53
104,46
105,56
106,53
107,57
108,49
109,58
110,5
111,31
112,55
113,39
114,41
115,5
116,56
117,52
118,67
119,6
120,46
121,46
122,56
123,63
124,63
125,47
126,56
127,6
128,43
129,48
130,59
131,51
132,54
133,67
134,5
135,54
136,51
137,48
138,31
139,57
140,49
141,39
142,43
143,61
144,57
145,44
146,35
147,5
148,54
149,44
150,46
151,45
152,45
153,43
154,56
155,44
156,47
157,52
158,43
159,57
160,43
161,58
162,59
163,55
164,5
165,55
166,53
167,5
168,54
169,49
170,57
171,44
172,54
173,53
174,52
175,6
176,51
177,45
178,58
179,45
180,56
181,56
182,47
183,49
184,48
185,71
186,47
187,56
188,43
189,6
190,42
191,82
192,41
193,53
194,55
195,48
196,52
197,51
198,59
199,43
200,54
201,55
202,62
203,52
204,56
205,43
206,43
207,44
208,46
209,51
210,5
211,51
212,61
213,39
214,46
215,5
216,56
217,55
218,47
219,47
220,58
221,55
222,46
223,54
224,51
225,61
226,55
227,52
228,52
229,58
230,46
231,32
232,58
233,54
234,63
235,52
236,45
237,49
238,54
239,38
240,62
241,56
242,51
243,43
244,59
245,47
246,46
247,44
248,56
249,52
250,64
251,58
252,53
253,49
254,59
255,54
256,49
257,6
258,53
259,62
260,54
261,6
262,55
263,57
264,58
265,55
266,59
267,53
268,52
269,47
270,53
271,53
272,5
273,66
274,51
275,52
276,59
277,36
278,52
279,46
280,52
281,58
282,65
283,56
284,51
285,5
286,51
287,49
288,61
289,49
290,49
291,53
292,5
293,41
294,53
295,46
296,63
297,5
298,61
299,54
300,47
301,46
302,57
303,44
304,56
305,54
306,5
307,41
308,49
309,58
310,57
311,48
312,57
313,6
314,52
315,57
316,52
317,45
318,53
319,51
320,54
321,49
322,53
323,56
324,39
325,55
326,52
327,53
328,5
329,61
330,56
331,49
332,49
333,6
334,46
335,53
336,46
337,55
338,43
339,56
340,61
341,32
342,49
343,45
344,46
345,53
346,56
347,65
348,63
349,55
350,61
351,45
352,53
353,47
354,5
355,75
356,49
357,62
358,49
359,62
360,55
361,52
362,5
363,54
364,58
365,54
366,57
367,52
368,65
369,51
370,54
371,42
372,44
373,65
374,39
375,48
376,55
377,5
378,61
379,51
380,63
381,52
382,48
383,42
384,49
385,48
386,42
387,36
388,43
389,43
390,55
391,65
392,66
393,54
394,47
395,48
396,51
397,63
398,62
399,52
400,5
401,64
402,53
403,55
404,44
405,51
406,52
407,47
408,43
409,45
410,6
411,48
412,51
413,44
414,49
415,49
416,54
417,53
418,57
419,51
420,51
421,47
422,49
423,43
424,52
425,51
426,44
427,53
428,44
429,56
430,64
431,49
432,55
433,41
434,59
435,41
436,53
437,56
438,63
439,51
440,55
441,58
442,53
443,43
444,51
445,58
446,55
447,48
448,6
449,5
450,49
451,53
452,54
453,53
454,51
455,51
456,51
457,53
458,55
459,52
460,56
461,46
462,49
463,45
464,47
465,43
466,62
467,69
468,41
469,44
470,55
471,48
472,48
473,5
474,55
475,48
476,58
477,44
478,46
479,6
480,46
481,53
482,49
483,58
484,53
485,58
486,41
487,6
488,55
489,46
490,48
491,47
492,47
493,45
494,56
495,43
496,39
497,77
498,55
499,44
500,53
501,39
502,5
503,48
504,68
505,61
506,46
507,62
508,47
509,65
510,52
511,51
512,48
513,45
514,51
515,47
516,54
517,49
518,52
519,68
520,53
521,45
522,56
523,4
524,46
525,55
526,52
527,6
528,42
529,56
530,54
531,44
532,55
533,53
534,36
535,59
536,57
537,47
538,59
539,62
540,54
541,5
542,57
543,49
544,51
545,48
546,5
547,64
548,5
549,54
550,47
551,57
552,49
553,55
554,53
555,55
556,47
557,62
558,46
559,55
560,55
561,59
562,48
563,44
564,47
565,44
566,58
567,56
568,5
569,53
570,53
571,65
572,48
573,48
574,51
575,63
576,62
577,48
578,49
579,62
580,49
581,44
582,44
583,43
584,38
585,49
586,55
587,52
588,39
589,48
590,47
591,48
592,44
593,61
594,41
595,51
596,47
597,54
598,61
599,47
600,46
601,47
602,54
603,48
604,42
605,45
606,44
607,49
608,48
609,48
610,54
611,42
612,47
613,54
614,54
615,51
616,53
617,55
618,65
619,56
620,61
621,56
622,55
623,48
624,6
625,53
626,53
627,49
628,55
629,62
630,53
631,52
632,51
633,57
634,48
635,65
636,49
637,5
638,45
639,52
640,6
641,73
642,5
643,56
644,55
645,48
646,5
647,5
648,55
649,59
650,61
651,54
652,42
653,43
654,44
655,59
656,54
657,56
658,59
659,52
660,71
661,63
662,46
663,46
664,56
665,58
666,57
667,52
668,46
669,49
670,46
671,46
672,5
673,54
674,61
675,47
676,49
677,49
678,54
679,44
680,54
681,6
682,48
683,59
684,48
685,52
686,67
687,47
688,59
689,53
690,59
691,49
692,63
693,55
694,6
695,53
696,55
697,53
698,51
699,46
700,49
701,48
702,54
703,53
704,54
705,47
706,51
707,55
708,49
709,49
710,5
711,41
712,57
713,57
714,52
715,52
716,51
717,55
718,62
719,51
720,51
721,57
722,53
723,51
724,48
725,58
726,55
727,57
728,42
729,41
730,62
731,42
732,58
733,51
734,57
735,44
736,52
737,44
738,6
739,49
740,61
741,46
742,48
743,52
744,61
745,54
746,63
747,62
748,64
749,6
750,55
751,52
752,55
753,68
754,41
755,49
756,37
757,46
758,53
759,48
760,47
761,55
762,58
763,51
764,6
765,49
766,55
767,46
768,52
769,57
770,47
771,56
772,49
773,46
774,58
775,49
776,51
777,54
778,48
779,45
780,48
781,47
782,56
783,63
784,46
785,6
786,47
787,53
788,47
789,38
790,48
791,61
792,55
793,45
794,59
795,52
796,56
797,47
798,46
799,5
800,63
801,54
802,51
803,55
804,42
805,59
806,53
807,49
808,49
809,49
810,52
811,43
812,42
813,54
814,53
815,48
816,5
817,5
818,55
819,62
820,49
821,57
822,51
823,31
824,66
825,47
826,33
827,54
828,56
829,5
830,49
831,6
832,56
833,48
834,53
835,56
836,55
837,52
838,51
839,46
840,47
841,55
842,5
843,53
844,55
845,42
846,68
847,69
848,61
849,49
850,6
851,42
852,52
853,51
854,59
855,5
856,54
857,51
858,59
859,54
860,59
861,57
862,48
863,48
864,54
865,44
866,52
867,47
868,48
869,55
870,57
871,53
872,57
873,58
874,7
875,45
876,52
877,47
878,54
879,51
880,47
881,52
882,49
883,45
884,45
885,52
886,57
887,49
888,57
889,59
890,63
891,49
892,54
893,55
894,61
895,57
896,63
897,52
898,5
899,65
900,69
901,42
902,57
903,5
904,54
905,41
906,56
907,61
908,48
909,48
910,38
911,45
912,5
913,51
914,45
915,54
916,53
917,48
918,36
919,59
920,65
921,36
922,58
923,51
924,6
925,61
926,57
927,47
928,6
929,45
930,54
931,58
932,48
933,59
934,46
935,57
936,49
937,5
938,55
939,6
940,51
941,49
942,52
943,55
944,6
945,47
946,58
947,56
948,67
949,46
950,55
951,53
952,49
953,41
954,46
955,69
956,52
957,55
958,37
959,49
960,53
961,55
962,57
963,58
964,54
965,53
966,51
967,54
968,49
969,56
970,58
971,54
972,5
973,52
974,6
975,52
976,53
977,48
978,45
979,45
980,6
981,46
982,57
983,6
984,54
985,6
986,47
987,54
988,47
989,5
990,54
991,44
992,53
993,61
994,5
995,44
996,42
997,59
998,49
999,53
1000,45
1001,59
1002,52
1003,49
1004,55
1005,51
1006,47
1007,55
1008,56
1009,4
1010,62
1011,46
1012,54
1013,51
1014,53
1015,51
1016,57
1017,55
1018,5
1019,55
1020,55
1021,49
1022,51
1023,55
1024,56
1025,49
1026,45
1027,53
1028,61
1029,49
1030,48
1031,46
1032,57
1033,65
1034,57
1035,73
1036,44
1037,51
1038,72
1039,52
1040,44
1041,51
1042,54
1043,58
1044,61
1045,34
1046,36
1047,66
1048,71
1049,56
1050,59
1051,55
1052,73
1053,46
1054,49
1055,54
1056,59
1057,61
1058,57
1059,56
1060,51
1061,44
1062,55
1063,49
1064,4
1065,57
1066,51
1067,54
1068,64
1069,59
1070,53
1071,49
1072,48
1073,57
1074,6
1075,51
1076,56
1077,42
1078,56
1079,44
1080,44
1081,53
1082,57
1083,49
1084,61
1085,54
1086,5
1087,48
1088,36
1089,59
1090,5
1091,53
1092,47
1093,55
1094,45
1095,56
1096,57
1097,46
1098,47
1099,55
1100,5
1101,54
1102,65
1103,55
1104,56
1105,46
1106,55
1107,54
1108,45
1109,54
1110,49
1111,5
1112,45
1113,49
1114,5
1115,51
1116,55
1117,43
1118,58
1119,55
1120,55
1121,45
1122,44
1123,61
1124,65
1125,56
1126,47
1127,48
1128,51
1129,55
1130,42
1131,47
1132,45
1133,51
1134,41
1135,55
1136,58
1137,42
1138,51
1139,56
1140,56
1141,44
1142,54
1143,67
1144,49
1145,52
1146,6
1147,56
1148,57
1149,57
1150,52
1151,62
1152,55
1153,52
1154,48
1155,71
1156,4
1157,51
1158,4
1159,49
1160,5
1161,46
1162,52
1163,63
1164,57
1165,55
1166,44
1167,56
1168,55
1169,43
1170,45
1171,52
1172,44
1173,41
1174,55
1175,65
1176,51
1177,53
1178,47
1179,53
1180,54
1181,51
1182,51
1183,54
1184,57
1185,6
1186,55
1187,57
1188,37
1189,48
1190,42
1191,47
1192,55
1193,54
1194,5
1195,62
1196,48
1197,46
1198,44
1199,44
1200,56
1201,51
1202,49
1203,54
1204,57
1205,53
1206,55
1207,45
1208,52
1209,55
1210,6
1211,55
1212,56
1213,4
1214,53
1215,4
1216,59
1217,38
1218,47
1219,57
1220,43
1221,6
1222,55
1223,58
1224,49
1225,51
1226,53
1227,5
1228,53
1229,53
1230,51
1231,53
1232,72
1233,5
1234,62
1235,52
1236,52
1237,53
1238,53
1239,55
1240,46
1241,39
1242,49
1243,56
1244,51
1245,6
1246,68
1247,59
1248,55
1249,48
1250,52
1251,58
1252,58
1253,57
1254,51
1255,46
1256,41
1257,51
1258,55
1259,66
1260,49
1261,51
1262,39
1263,63
1264,58
1265,48
1266,49
1267,58
1268,49
1269,52
1270,51
1271,56
1272,53
1273,52
1274,57
1275,5
1276,63
1277,61
1278,8
1279,66
1280,54
1281,48
1282,56
1283,58
1284,51
1285,5
1286,52
1287,56
1288,45
1289,63
1290,47
1291,46
1292,44
1293,6
1294,28
1295,54
1296,51
1297,52
1298,39
1299,54
1300,57
1301,62
1302,5
1303,56
1304,46
1305,54
1306,46
1307,49
1308,45
1309,53
1310,52
1311,53
1312,63
1313,52
1314,51
1315,46
1316,52
1317,55
1318,48
1319,54
1320,53
1321,48
1322,54
1323,58
1324,54
1325,55
1326,47
1327,52
1328,46
1329,43
1330,51
1331,57
1332,61
1333,55
1334,61
1335,58
1336,56
1337,49
1338,44
1339,52
1340,5
1341,54
1342,61
1343,49
1344,78
1345,61
1346,54
1347,48
1348,43
1349,61
1350,62
1351,48
1352,43
1353,4
1354,61
1355,57
1356,46
1357,52
1358,54
1359,4
1360,54
1361,51
1362,47
1363,49
1364,43
1365,48
1366,56
1367,47
1368,55
1369,71
1370,53
1371,5
1372,55
1373,47
1374,5
1375,52
1376,59
1377,59
1378,51
1379,51
1380,53
1381,52
1382,58
1383,49
1384,48
1385,66
1386,53
1387,52
1388,55
1389,61
1390,56
1391,53
1392,42
1393,46
1394,48
1395,4
1396,53
1397,63
1398,64
1399,6
1400,5
1401,5
1402,5
1403,57
1404,59
1405,56
1406,56
1407,5
1408,53
1409,49
1410,47
1411,5
1412,53
1413,51
1414,59
1415,51
1416,48
1417,58
1418,87
1419,52
1420,56
1421,59
1422,55
1423,5
1424,45
1425,46
1426,45
1427,49
1428,65
1429,45
1430,67
1431,45
1432,63
1433,51
1434,5
1435,48
1436,64
1437,39
1438,48
1439,51
1440,44
1441,59
1442,46
1443,51
1444,4
1445,54
1446,57
1447,6
1448,55
1449,48
1450,43
1451,56
1452,52
1453,53
1454,38
1455,45
1456,57
1457,48
1458,43
1459,5
1460,43
1461,51
1462,48
1463,69
1464,55
1465,35
1466,51
1467,5
1468,57
1469,52
1470,61
1471,48
1472,48
1473,51
1474,58
1475,63
1476,52
1477,46
1478,51
1479,59
1480,61
1481,59
1482,54
1483,42
1484,45
1485,41
1486,53
1487,54
1488,52
1489,41
1490,56
1491,48
1492,51
1493,62
1494,55
1495,6
1496,58
1497,47
1498,48
1499,64
1500,48
1501,47
1502,62
1503,39
1504,58
1505,55
1506,5
1507,54
1508,51
1509,55
1510,52
1511,59
1512,48
1513,5
1514,46
1515,52
1516,53
1517,51
1518,47
1519,52
1520,53
1521,55
1522,49
1523,5
1524,53
1525,54
1526,51
1527,48
1528,57
1529,41
1530,43
1531,49
1532,48
1533,56
1534,46
1535,54
1536,52
1537,46
1538,5
1539,56
1540,62
1541,61
1542,59
1543,69
1544,53
1545,53
1546,66
1547,47
1548,54
1549,48
1550,76
1551,63
1552,59
1553,58
1554,58
1555,53
1556,67
1557,42
1558,5
1559,43
1560,5
1561,44
1562,43
1563,52
1564,42
1565,37
1566,65
1567,5
1568,59
1569,46
1570,64
1571,5
1572,51
1573,46
1574,59
1575,58
1576,63
1577,5
1578,61
1579,45
1580,56
1581,52
1582,5
1583,52
1584,51
1585,55
1586,55
1587,64
1588,66
1589,46
1590,51
1591,51
1592,58
1593,54
1594,52
1595,59
1596,42
1597,6
1598,65
1599,5
1600,64
1601,62
1602,47
1603,52
1604,56
1605,5
1606,62
1607,48
1608,44
1609,59
1610,49
1611,49
1612,56
1613,58
1614,5
1615,52
1616,52
1617,65
1618,38
1619,61
1620,52
1621,53
1622,53
1623,54
1624,55
1625,52
1626,44
1627,48
1628,6
1629,55
1630,57
1631,54
1632,46
1633,45
1634,6
1635,49
1636,62
1637,43
1638,48
1639,62
1640,58
1641,51
1642,53
1643,5
1644,54
1645,51
1646,58
1647,55
1648,49
1649,78
1650,59
1651,6
1652,55
1653,51
1654,5
1655,45
1656,52
1657,44
1658,57
1659,4
1660,55
1661,48
1662,55
1663,57
1664,46
1665,41
1666,5
1667,52
1668,55
1669,67
1670,47
1671,45
1672,5
1673,6
1674,46
1675,52
1676,53
1677,71
1678,52
1679,5
1680,52
1681,56
1682,47
1683,47
1684,48
1685,5
1686,43
1687,49
1688,54
1689,49
1690,55
1691,48
1692,45
1693,59
1694,52
1695,49
1696,48
1697,54
1698,54
1699,4
1700,49
1701,54
1702,52
1703,51
1704,5
1705,65
1706,6
1707,51
1708,55
1709,41
1710,53
1711,42
1712,53
1713,53
1714,68
1715,55
1716,56
1717,45
1718,61
1719,55
1720,53
1721,49
1722,59
1723,44
1724,4
1725,48
1726,5
1727,53
1728,6
1729,71
1730,63
1731,61
1732,46
1733,52
1734,62
1735,54
1736,59
1737,53
1738,45
1739,49
1740,64
1741,51
1742,64
1743,54
1744,54
1745,6
1746,54
1747,53
1748,5
1749,59
1750,45
1751,48
1752,47
1753,57
1754,58
1755,54
1756,6
1757,61
1758,48
1759,47
1760,53
1761,42
1762,44
1763,53
1764,48
1765,49
1766,49
1767,46
1768,47
1769,51
1770,57
1771,57
1772,56
1773,52
1774,67
1775,48
1776,61
1777,53
1778,5
1779,52
1780,52
1781,51
1782,52
1783,44
1784,39
1785,6
1786,54
1787,48
1788,44
1789,49
1790,57
1791,56
1792,44
1793,42
1794,4
1795,47
1796,56
1797,53
1798,54
1799,44
1800,55
1801,54
1802,58
1803,57
1804,43
1805,58
1806,57
1807,45
1808,5
1809,6
1810,41
1811,61
1812,48
1813,59
1814,5
1815,62
1816,43
1817,46
1818,55
1819,45
1820,55
1821,55
1822,44
1823,5
1824,46
1825,58
1826,63
1827,51
1828,57
1829,53
1830,46
1831,52
1832,57
1833,39
1834,48
1835,54
1836,55
1837,49
1838,46
1839,51
1840,5
1841,49
1842,53
1843,51
1844,61
1845,52
1846,53
1847,45
1848,48
1849,51
1850,61
1851,62
1852,53
1853,39
1854,55
1855,57
1856,42
1857,45
1858,52
1859,58
1860,59
1861,51
1862,62
1863,53
1864,56
1865,48
1866,52
1867,56
1868,56
1869,54
1870,54
1871,5
1872,53
1873,47
1874,42
1875,58
1876,66
1877,47
1878,51
1879,52
1880,44
1881,46
1882,5
1883,47
1884,45
1885,55
1886,56
1887,52
1888,75
1889,55
1890,47
1891,49
1892,49
1893,56
1894,62
1895,56
1896,53
1897,47
1898,48
1899,56
1900,6
1901,58
1902,47
1903,5
1904,49
1905,51
1906,72
1907,45
1908,41
1909,59
1910,62
1911,59
1912,48
1913,44
1914,58
1915,6
1916,46
1917,59
1918,52
1919,59
1920,55
1921,51
1922,57
1923,48
1924,54
1925,59
1926,5
1927,44
1928,53
1929,43
1930,41
1931,46
1932,49
1933,48
1934,54
1935,47
1936,54
1937,58
1938,5
1939,56
1940,52
1941,47
1942,62
1943,47
1944,49
1945,54
1946,49
1947,39
1948,59
1949,55
1950,52
1951,39
1952,54
1953,58
1954,52
1955,58
1956,63
1957,5
1958,41
1959,53
1960,56
1961,54
1962,54
1963,56
1964,54
1965,55
1966,52
1967,54
1968,67
1969,54
1970,67
1971,44
1972,56
1973,53
1974,49
1975,65
1976,43
1977,56
1978,51
1979,63
1980,5
1981,53
1982,49
1983,65
1984,54
1985,48
1986,52
1987,5
1988,46
1989,59
1990,44
1991,48
1992,56
1993,56
1994,46
1995,43
1996,65
1997,57
1998,52
1999,57
2000,38
2001,61
2002,56
2003,61
2004,54
2005,6
2006,45
2007,47
2008,49
2009,56
2010,61
2011,49
2012,53
2013,47
2014,55
2015,43
2016,55
2017,64
2018,58
2019,61
2020,56
2021,61
2022,45
2023,57
2024,54
2025,47
2026,53
2027,47
2028,58
2029,42
2030,49
2031,57
2032,59
2033,56
2034,56
2035,55
2036,46
2037,61
2038,45
2039,59
2040,48
2041,52
2042,52
2043,54
2044,65
2045,57
2046,52
2047,5
2048,5
2049,42
2050,58
2051,62
2052,56
2053,49
2054,54
2055,45
2056,49
2057,51
2058,44
2059,48
2060,52
2061,59
2062,53
2063,56
2064,55
2065,52
2066,64
2067,51
2068,5
2069,63
2070,45
2071,54
2072,57
2073,36
2074,48
2075,54
2076,55
2077,69
2078,43
2079,87
2080,53
2081,49
2082,49
2083,56
2084,51
2085,54
2086,42
2087,55
2088,48
2089,48
2090,47
2091,54
2092,57
2093,54
2094,39
2095,39
2096,41
2097,59
2098,63
2099,47
2100,52
2101,55
2102,54
2103,52
2104,5
2105,44
2106,52
2107,41
2108,52
2109,55
2110,58
2111,54
2112,5
2113,53
2114,49
2115,61
2116,57
2117,5
2118,52
2119,53
2120,51
2121,5
2122,59
2123,53
2124,49
2125,45
2126,52
2127,52
2128,52
2129,52
2130,55
2131,6
2132,61
2133,57
2134,55
2135,47
2136,6
2137,57
2138,56
2139,54
2140,53
2141,51
2142,44
2143,53
2144,44
2145,52
2146,54
2147,47
2148,52
2149,66
2150,61
2151,53
2152,49
2153,41
2154,53
2155,48
2156,56
2157,63
2158,61
2159,53
2160,43
2161,6
2162,49
2163,63
2164,46
2165,54
2166,52
2167,52
2168,56
2169,57
2170,42
2171,41
2172,54
2173,51
2174,51
2175,5
2176,46
2177,53
2178,43
2179,53
2180,52
2181,46
2182,62
2183,43
2184,66
2185,5
2186,52
2187,54
2188,52
2189,53
2190,46
2191,47
2192,48
2193,43
2194,71
2195,6
2196,61
2197,46
2198,6
2199,51
2200,54
2201,4
2202,51
2203,64
2204,59
2205,72
2206,53
2207,54
2208,5
2209,48
2210,63
2211,64
2212,53
2213,49
2214,55
2215,54
2216,5
2217,62
2218,49
2219,53
2220,51
2221,46
2222,55
2223,5
2224,44
2225,55
2226,48
2227,48
2228,41
2229,52
2230,67
2231,55
2232,57
2233,54
2234,67
2235,54
2236,46
2237,53
2238,48
2239,46
2240,5
2241,63
2242,76
2243,63
2244,6
2245,57
2246,41
2247,46
2248,45
2249,57
2250,58
2251,55
2252,61
2253,48
2254,55
2255,51
2256,53
2257,44
2258,5
2259,5
2260,51
2261,6
2262,49
2263,41
2264,37
2265,54
2266,43
2267,53
2268,5
2269,56
2270,59
2271,48
2272,49
2273,6
2274,49
2275,58
2276,54
2277,58
2278,49
2279,5
2280,52
2281,53
2282,46
2283,55
2284,52
2285,46
2286,54
2287,47
2288,53
2289,43
2290,57
2291,55
2292,57
2293,51
2294,62
2295,56
2296,64
2297,47
2298,59
2299,61
2300,54
2301,51
2302,42
2303,61
2304,5
2305,54
2306,56
2307,62
2308,4
2309,61
2310,46
2311,58
2312,56
2313,62
2314,55
2315,5
2316,55
2317,56
2318,65
2319,56
2320,64
2321,65
2322,55
2323,58
2324,59
2325,42
2326,56
2327,56
2328,51
2329,49
2330,56
2331,55
2332,41
2333,63
2334,54
2335,5
2336,48
2337,52
2338,6
2339,56
2340,45
2341,55
2342,53
2343,49
2344,54
2345,54
2346,49
2347,55
2348,48
2349,52
2350,51
2351,44
2352,55
2353,51
2354,52
2355,56
2356,53
2357,56
2358,51
2359,56
2360,57
2361,7
2362,52
2363,47
2364,51
2365,52
2366,45
2367,57
2368,51
2369,58
2370,48
2371,56
2372,49
2373,57
2374,46
2375,55
2376,51
2377,52
2378,5
2379,45
2380,49
2381,6
2382,5
2383,54
2384,6
2385,57
2386,46
2387,51
2388,53
2389,69
2390,51
2391,49
2392,5
2393,68
2394,58
2395,49
2396,74
2397,69
2398,49
2399,47
2400,47
2401,49
2402,46
2403,56
2404,55
2405,73
2406,47
2407,55
2408,53
2409,52
2410,53
2411,51
2412,5
2413,42
2414,61
2415,46
2416,66
2417,58
2418,55
2419,51
2420,52
2421,58
2422,48
2423,49
2424,58
2425,5
2426,61
2427,45
2428,59
2429,55
2430,63
2431,62
2432,53
2433,54
2434,6
2435,54
2436,39
2437,42
2438,59
2439,56
2440,44
2441,57
2442,54
2443,62
2444,55
2445,52
2446,53
2447,46
2448,56
2449,52
2450,5
2451,47
2452,46
2453,44
2454,48
2455,47
2456,59
2457,47
2458,52
2459,55
2460,44
2461,4
2462,53
2463,58
2464,5
2465,44
2466,58
2467,48
2468,49
2469,57
2470,53
2471,5
2472,55
2473,52
2474,58
2475,65
2476,63
2477,57
2478,51
2479,57
2480,5
2481,44
2482,61
2483,54
2484,54
2485,53
2486,51
2487,52
2488,54
2489,6
2490,57
2491,44
2492,47
2493,51
2494,58
2495,5
2496,56
2497,43
2498,51
2499,39
2500,62
2501,46
2502,54
2503,51
2504,6
2505,58
2506,61
2507,49
2508,62
2509,54
2510,54
2511,52
2512,58
2513,55
2514,62
2515,47
2516,42
2517,47
2518,4
2519,47
2520,43
2521,63
2522,61
2523,44
2524,55
2525,56
2526,64
2527,48
2528,55
2529,42
2530,5
2531,51
2532,59
2533,41
2534,62
2535,59
2536,51
2537,53
2538,54
2539,63
2540,64
2541,5
2542,49
2543,5
2544,49
2545,52
2546,54
2547,49
2548,46
2549,58
2550,62
2551,43
2552,58
2553,57
2554,6
2555,53
2556,45
2557,58
2558,55
2559,49
2560,43
2561,47
2562,42
2563,46
2564,51
2565,46
2566,46
2567,67
2568,43
2569,52
2570,52
2571,41
2572,57
2573,49
2574,5
2575,51
2576,67
2577,54
2578,51
2579,44
2580,52
2581,42
2582,56
2583,43
2584,48
2585,46
2586,43
2587,38
2588,51
2589,47
2590,5
2591,54
2592,52
2593,61
2594,56
2595,51
2596,63
2597,55
2598,49
2599,51
2600,48
2601,4
2602,68
2603,45
2604,58
2605,69
2606,51
2607,57
2608,55
2609,54
2610,51
2611,48
2612,55
2613,62
2614,45
2615,58
2616,53
2617,49
2618,57
2619,45
2620,54
2621,58
2622,69
2623,57
2624,59
2625,44
2626,84
2627,53
2628,45
2629,47
2630,61
2631,54
2632,53
2633,59
2634,51
2635,49
2636,59
2637,5
2638,45
2639,47
2640,65
2641,43
2642,56
2643,57
2644,55
2645,59
2646,5
2647,52
2648,4
2649,45
2650,51
2651,58
2652,68
2653,59
2654,48
2655,42
2656,51
2657,53
2658,57
2659,49
2660,5
2661,55
2662,65
2663,46
2664,52
2665,5
2666,57
2667,55
2668,56
2669,57
2670,51
2671,5
2672,58
2673,4
2674,5
2675,54
2676,54
2677,68
2678,58
2679,59
2680,44
2681,41
2682,54
2683,51
2684,61
2685,51
2686,58
2687,55
2688,57
2689,58
2690,57
2691,5
2692,48
2693,49
2694,41
2695,73
2696,42
2697,46
2698,52
2699,64
2700,42
2701,63
2702,58
2703,48
2704,54
2705,65
2706,46
2707,4
2708,57
2709,6
2710,46
2711,51
2712,58
2713,63
2714,55
2715,45
2716,48
2717,54
2718,5
2719,56
2720,51
2721,45
2722,44
2723,52
2724,7
2725,47
2726,52
2727,45
2728,47
2729,58
2730,57
2731,58
2732,64
2733,55
2734,56
2735,53
2736,51
2737,4
2738,46
2739,5
2740,48
2741,45
2742,48
2743,55
2744,49
2745,47
2746,55
2747,44
2748,59
2749,62
2750,5
2751,6
2752,57
2753,64
2754,62
2755,61
2756,54
2757,53
2758,47
2759,49
2760,66
2761,59
2762,58
2763,49
2764,52
2765,62
2766,63
2767,47
2768,57
2769,43
2770,52
2771,57
2772,44
2773,54
2774,51
2775,45
2776,44
2777,57
2778,48
2779,62
2780,63
2781,63
2782,56
2783,56
2784,47
2785,45
2786,49
2787,49
2788,51
2789,45
2790,5
2791,51
2792,48
2793,48
2794,54
2795,47
2796,53
2797,5
2798,55
2799,66
2800,52
2801,49
2802,85
2803,53
2804,46
2805,56
2806,56
2807,54
2808,56
2809,53
2810,55
2811,47
2812,6
2813,49
2814,64
2815,49
2816,43
2817,62
2818,62
2819,4
2820,57
2821,42
2822,63
2823,51
2824,43
2825,56
2826,61
2827,56
2828,52
2829,54
2830,59
2831,52
2832,55
2833,5
2834,58
2835,61
2836,38
2837,52
2838,55
2839,53
2840,54
2841,5
2842,74
2843,48
2844,56
2845,44
2846,49
2847,44
2848,63
2849,52
2850,56
2851,43
2852,51
2853,53
2854,58
2855,53
2856,55
2857,41
2858,6
2859,52
2860,48
2861,53
2862,52
2863,57
2864,51
2865,37
2866,31
2867,53
2868,5
2869,54
2870,54
2871,55
2872,57
2873,55
2874,49
2875,45
2876,58
2877,52
2878,46
2879,44
2880,57
2881,55
2882,5
2883,46
2884,46
2885,49
2886,52
2887,45
2888,4
2889,57
2890,55
2891,57
2892,65
2893,49
2894,46
2895,52
2896,44
2897,45
2898,46
2899,48
2900,59
2901,57
2902,56
2903,38
2904,55
2905,45
2906,71
2907,44
2908,58
2909,54
2910,45
2911,58
2912,48
2913,45
2914,5
2915,53
2916,53
2917,53
2918,5
2919,48
2920,47
2921,49
2922,56
2923,7
2924,58
2925,47
2926,54
2927,56
2928,43
2929,53
2930,41
2931,51
2932,59
2933,52
2934,57
2935,47
2936,6
2937,5
2938,65
2939,61
2940,5
2941,48
2942,52
2943,6
2944,63
2945,55
2946,55
2947,49
2948,56
2949,52
2950,5
2951,54
2952,59
2953,56
2954,48
2955,58
2956,54
2957,59
2958,65
2959,51
2960,58
2961,52
2962,47
2963,49
2964,55
2965,62
2966,43
2967,49
2968,57
2969,43
2970,51
2971,45
2972,47
2973,58
2974,34
2975,56
2976,57
2977,6
2978,57
2979,49
2980,53
2981,56
2982,57
2983,49
2984,44
2985,58
2986,61
2987,55
2988,48
2989,5
2990,53
2991,51
2992,55
2993,62
2994,53
2995,49
2996,5
2997,6
2998,53
2999,59
3000,63
3001,45
3002,57
3003,58
3004,52
3005,47
3006,52
3007,53
3008,54
3009,53
3010,5
3011,47
3012,81
3013,53
3014,56
3015,44
3016,57
3017,5
3018,52
3019,53
3020,59
3021,66
3022,47
3023,54
3024,52
3025,48
3026,51
3027,42
3028,45
3029,57
3030,41
3031,66
3032,66
3033,5
3034,58
3035,49
3036,63
3037,48
3038,47
3039,5
3040,54
3041,64
3042,48
3043,6
3044,4
3045,48
3046,56
3047,54
3048,49
3049,46
3050,55
3051,55
3052,5
3053,63
3054,5
3055,59
3056,51
3057,49
3058,52
3059,5
3060,53
3061,47
3062,53
3063,57
3064,54
3065,51
3066,53
3067,43
3068,59
3069,49
3070,58
3071,55
3072,54
3073,46
3074,51
3075,51
3076,44
3077,61
3078,61
3079,64
3080,46
3081,53
3082,48
3083,43
3084,36
3085,56
3086,56
3087,54
3088,49
3089,52
3090,56
3091,59
3092,45
3093,47
3094,47
3095,56
3096,55
3097,54
3098,66
3099,64
3100,57
3101,49
3102,52
3103,55
3104,44
3105,57
3106,6
3107,51
3108,5
3109,61
3110,55
3111,55
3112,54
3113,64
3114,52
3115,46
3116,41
3117,51
3118,59
3119,5
3120,55
3121,53
3122,6
3123,5
3124,52
3125,5
3126,42
3127,45
3128,54
3129,58
3130,43
3131,53
3132,48
3133,48
3134,46
3135,49
3136,66
3137,64
3138,42
3139,42
3140,53
3141,48
3142,49
3143,56
3144,5
3145,57
3146,53
3147,59
3148,5
3149,56
3150,53
3151,53
3152,46
3153,59
3154,49
3155,43
3156,61
3157,44
3158,37
3159,53
3160,49
3161,49
3162,61
3163,49
3164,54
3165,61
3166,58
3167,52
3168,49
3169,48
3170,51
3171,5
3172,56
3173,67
3174,42
3175,55
3176,52
3177,52
3178,5
3179,54
3180,63
3181,58
3182,43
3183,59
3184,49
3185,46
3186,44
3187,66
3188,49
3189,55
3190,55
3191,49
3192,54
3193,61
3194,63
3195,49
3196,55
3197,55
3198,52
3199,68
3200,54
3201,57
3202,67
3203,42
3204,55
3205,56
3206,56
3207,62
3208,61
3209,57
3210,52
3211,33
3212,55
3213,43
3214,48
3215,55
3216,59
3217,47
3218,46
3219,49
3220,42
3221,5
3222,55
3223,43
3224,52
3225,49
3226,56
3227,46
3228,5
3229,6
3230,57
3231,55
3232,47
3233,47
3234,44
3235,52
3236,63
3237,65
3238,46
3239,46
3240,62
3241,6
3242,48
3243,51
3244,5
3245,58
3246,63
3247,56
3248,44
3249,58
3250,54
3251,54
3252,46
3253,5
3254,52
3255,52
3256,51
3257,7
3258,51
3259,42
3260,46
3261,66
3262,49
3263,5
3264,44
3265,56
3266,58
3267,58
3268,61
3269,49
3270,53
3271,7
3272,78
3273,51
3274,43
3275,61
3276,58
3277,58
3278,52
3279,48
3280,47
3281,54
3282,6
3283,41
3284,57
3285,55
3286,66
3287,56
3288,54
3289,65
3290,59
3291,47
3292,63
3293,59
3294,49
3295,59
3296,43
3297,75
3298,55
3299,6
3300,56
3301,43
3302,45
3303,55
3304,51
3305,6
3306,48
3307,51
3308,51
3309,45
3310,46
3311,46
3312,55
3313,56
3314,51
3315,63
3316,48
3317,53
3318,51
3319,43
3320,49
3321,44
3322,5
3323,46
3324,52
3325,54
3326,55
3327,49
3328,62
3329,57
3330,59
3331,61
3332,57
3333,53
3334,54
3335,48
3336,57
3337,5
3338,64
3339,44
3340,5
3341,46
3342,43
3343,43
3344,53
3345,64
3346,51
3347,58
3348,57
3349,65
3350,56
3351,6
3352,41
3353,49
3354,54
3355,56
3356,55
3357,57
3358,47
3359,65
3360,43
3361,53
3362,58
3363,38
3364,53
3365,62
3366,5
3367,46
3368,58
3369,52
3370,55
3371,49
3372,55
3373,71
3374,58
3375,53
3376,48
3377,43
3378,6
3379,51
3380,49
3381,51
3382,46
3383,54
3384,44
3385,55
3386,53
3387,65
3388,56
3389,45
3390,59
3391,57
3392,51
3393,42
3394,45
3395,57
3396,53
3397,67
3398,57
3399,6
3400,43
3401,57
3402,43
3403,47
3404,59
3405,55
3406,5
3407,52
3408,52
3409,54
3410,48
3411,67
3412,48
3413,6
3414,59
3415,6
3416,55
3417,59
3418,47
3419,5
3420,49
3421,5
3422,47
3423,47
3424,5
3425,45
3426,45
3427,52
3428,54
3429,53
3430,54
3431,53
3432,56
3433,44
3434,59
3435,57
3436,52
3437,52
3438,53
3439,47
3440,55
3441,52
3442,4
3443,56
3444,53
3445,58
3446,41
3447,6
3448,51
3449,46
3450,56
3451,52
3452,4
3453,47
3454,52
3455,53
3456,6
3457,64
3458,48
3459,45
3460,54
3461,56
3462,69
3463,58
3464,51
3465,52
3466,57
3467,45
3468,49
3469,54
3470,41
3471,48
3472,55
3473,5
3474,6
3475,52
3476,56
3477,52
3478,56
3479,61
3480,44
3481,42
3482,57
3483,53
3484,57
3485,64
3486,52
3487,52
3488,68
3489,58
3490,46
3491,62
3492,45
3493,62
3494,54
3495,48
3496,51
3497,66
3498,65
3499,49
3500,59
3501,51
3502,51
3503,54
3504,58
3505,54
3506,57
3507,63
3508,62
3509,56
3510,43
3511,62
3512,49
3513,55
3514,66
3515,6
3516,56
3517,66
3518,45
3519,63
3520,56
3521,47
3522,5
3523,46
3524,5
3525,55
3526,55
3527,61
3528,52
3529,57
3530,62
3531,61
3532,53
3533,7
3534,47
3535,55
3536,56
3537,58
3538,6
3539,58
3540,57
3541,62
3542,67
3543,41
3544,51
3545,48
3546,53
3547,6
3548,61
3549,48
3550,5
3551,65
3552,48
3553,45
3554,56
3555,47
3556,57
3557,44
3558,34
3559,43
3560,49
3561,5
3562,54
3563,5
3564,6
3565,51
3566,52
3567,46
3568,47
3569,59
3570,45
3571,59
3572,52
3573,64
3574,49
3575,51
3576,54
3577,57
3578,59
3579,48
3580,6
3581,44
3582,4
3583,45
3584,56
3585,56
3586,54
3587,55
3588,6
3589,62
3590,55
3591,56
3592,53
3593,49
3594,43
3595,5
3596,56
3597,5
3598,57
3599,42
3600,54
3601,48
3602,62
3603,44
3604,51
3605,57
3606,53
3607,57
3608,63
3609,52
3610,52
3611,57
3612,46
3613,52
3614,45
3615,55
3616,5
3617,57
3618,61
3619,37
3620,52
3621,49
3622,73
3623,53
3624,51
3625,49
3626,53
3627,68
3628,47
3629,57
3630,5
3631,53
3632,38
3633,71
3634,43
3635,5
3636,48
3637,52
3638,53
3639,64
3640,52
3641,5
3642,37
3643,52
3644,44
3645,59
3646,62
3647,67
3648,5
3649,52
3650,49
3651,59
3652,6
3653,71
3654,56
3655,69
3656,61
3657,54
3658,5
3659,46
3660,5
3661,56
3662,45
3663,55
3664,6
3665,51
3666,5
3667,53
3668,56
3669,63
3670,64
3671,59
3672,49
3673,45
3674,34
3675,65
3676,55
3677,5
3678,52
3679,6
3680,54
3681,48
3682,54
3683,42
3684,68
3685,41
3686,45
3687,53
3688,53
3689,56
3690,39
3691,58
3692,6
3693,45
3694,48
3695,48
3696,41
3697,44
3698,5
3699,55
3700,64
3701,6
3702,59
3703,54
3704,51
3705,64
3706,47
3707,42
3708,6
3709,58
3710,52
3711,43
3712,49
3713,47
3714,54
3715,52
3716,51
3717,5
3718,62
3719,55
3720,57
3721,49
3722,5
3723,54
3724,52
3725,59
3726,59
3727,5
3728,45
3729,44
3730,61
3731,5
3732,54
3733,38
3734,53
3735,5
3736,53
3737,58
3738,6
3739,58
3740,52
3741,5
3742,56
3743,64
3744,55
3745,65
3746,37
3747,73
3748,54
3749,52
3750,57
3751,53
3752,58
3753,52
3754,53
3755,6
3756,56
3757,53
3758,55
3759,55
3760,46
3761,58
3762,58
3763,59
3764,47
3765,51
3766,54
3767,49
3768,51
3769,64
3770,61
3771,47
3772,54
3773,49
3774,45
3775,54
3776,59
3777,45
3778,44
3779,51
3780,61
3781,52
3782,51
3783,57
3784,55
3785,51
3786,51
3787,62
3788,42
3789,56
3790,51
3791,54
3792,56
3793,47
3794,51
3795,5
3796,5
3797,62
3798,62
3799,55
3800,53
3801,53
3802,53
3803,5
3804,59
3805,5
3806,53
3807,47
3808,58
3809,56
3810,54
3811,5
3812,47
3813,57
3814,58
3815,42
3816,54
3817,47
3818,53
3819,45
3820,61
3821,53
3822,55
3823,51
3824,51
3825,5
3826,61
3827,59
3828,5
3829,58
3830,44
3831,52
3832,54
3833,46
3834,66
3835,68
3836,51
3837,47
3838,46
3839,65
3840,53
3841,58
3842,51
3843,57
3844,47
3845,49
3846,44
3847,64
3848,56
3849,74
3850,52
3851,44
3852,63
3853,62
3854,6
3855,5
3856,49
3857,56
3858,51
3859,43
3860,51
3861,52
3862,53
3863,52
3864,65
3865,5
3866,47
3867,47
3868,52
3869,54
3870,61
3871,45
3872,5
3873,38
3874,54
3875,5
3876,5
3877,59
3878,49
3879,45
3880,6
3881,59
3882,66
3883,58
3884,64
3885,45
3886,48
3887,47
3888,49
3889,44
3890,49
3891,57
3892,52
3893,46
3894,58
3895,52
3896,46
3897,56
3898,49
3899,51
3900,56
3901,49
3902,55
3903,53
3904,46
3905,57
3906,51
3907,54
3908,52
3909,53
3910,55
3911,62
3912,56
3913,49
3914,48
3915,47
3916,57
3917,53
3918,54
3919,52
3920,53
3921,55
3922,5
3923,5
3924,62
3925,52
3926,54
3927,47
3928,54
3929,52
3930,51
3931,55
3932,57
3933,46
3934,45
3935,71
3936,63
3937,62
3938,52
3939,54
3940,54
3941,62
3942,73
3943,48
3944,51
3945,47
3946,46
3947,52
3948,52
3949,38
3950,43
3951,62
3952,48
3953,45
3954,53
3955,56
3956,48
3957,73
3958,5
3959,54
3960,56
3961,47
3962,51
3963,56
3964,55
3965,45
3966,54
3967,52
3968,45
3969,5
3970,5
3971,49
3972,49
3973,48
3974,49
3975,39
3976,57
3977,52
3978,53
3979,49
3980,61
3981,48
3982,48
3983,57
3984,54
3985,57
3986,53
3987,47
3988,44
3989,54
3990,63
3991,51
3992,52
3993,58
3994,61
3995,53
3996,58
3997,55
3998,46
3999,53
4000,43
4001,54
4002,57
4003,39
4004,51
4005,6
4006,56
4007,49
4008,58
4009,65
4010,6
4011,44
4012,6
4013,49
4014,41
4015,57
4016,7
4017,54
4018,46
4019,53
4020,55
4021,59
4022,65
4023,55
4024,62
4025,57
4026,51
4027,49
4028,66
4029,63
4030,51
4031,42
4032,55
4033,53
4034,56
4035,48
4036,5
4037,57
4038,6
4039,5
4040,65
4041,44
4042,45
4043,47
4044,56
4045,43
4046,49
4047,51
4048,52
4049,62
4050,5
4051,48
4052,52
4053,36
4054,54
4055,57
4056,48
4057,6
4058,45
4059,53
4060,61
4061,52
4062,48
4063,47
4064,42
4065,56
4066,65
4067,61
4068,47
4069,83
4070,53
4071,57
4072,59
4073,6
4074,37
4075,57
4076,55
4077,53
4078,59
4079,55
4080,57
4081,45
4082,54
4083,5
4084,74
4085,66
4086,56
4087,46
4088,41
4089,62
4090,6
4091,56
4092,42
4093,59
4094,6
4095,48
4096,67
4097,42
4098,49
4099,72
4100,53
4101,64
4102,46
4103,51
4104,41
4105,47
4106,43
4107,55
4108,42
4109,68
4110,58
4111,42
4112,47
4113,47
4114,54
4115,53
4116,53
4117,54
4118,52
4119,59
4120,44
4121,58
4122,51
4123,53
4124,46
4125,53
4126,56
4127,63
4128,55
4129,51
4130,46
4131,44
4132,6
4133,44
4134,52
4135,55
4136,6
4137,56
4138,58
4139,54
4140,48
4141,47
4142,58
4143,35
4144,51
4145,52
4146,44
4147,58
4148,54
4149,49
4150,51
4151,7
4152,68
4153,55
4154,56
4155,54
4156,44
4157,47
4158,58
4159,65
4160,51
4161,45
4162,6
4163,45
4164,58
4165,48
4166,52
4167,47
4168,55
4169,53
4170,55
4171,46
4172,53
4173,56
4174,58
4175,4
4176,56
4177,46
4178,6
4179,59
4180,54
4181,53
4182,54
4183,44
4184,55
4185,5
4186,44
4187,63
4188,59
4189,59
4190,36
4191,52
4192,55
4193,52
4194,43
4195,51
4196,52
4197,57
4198,65
4199,6
4200,58
4201,53
4202,57
4203,68
4204,62
4205,5
4206,59
4207,56
4208,5
4209,54
4210,57
4211,56
4212,44
4213,56
4214,49
4215,53
4216,58
4217,57
4218,46
4219,47
4220,62
4221,67
4222,6
4223,65
4224,42
4225,53
4226,58
4227,41
4228,47
4229,48
4230,59
4231,6
4232,46
4233,59
4234,5
4235,54
4236,62
4237,44
4238,5
4239,45
4240,47
4241,44
4242,59
4243,52
4244,49
4245,55
4246,53
4247,64
4248,46
4249,65
4250,47
4251,46
4252,6
4253,54
4254,59
4255,51
4256,62
4257,43
4258,49
4259,43
4260,49
4261,4
4262,62
4263,44
4264,79
4265,54
4266,49
4267,58
4268,6
4269,41
4270,5
4271,6
4272,51
4273,52
4274,52
4275,71
4276,52
4277,47
4278,61
4279,5
4280,54
4281,53
4282,39
4283,49
4284,64
4285,53
4286,48
4287,57
4288,65
4289,45
4290,56
4291,53
4292,54
4293,47
4294,47
4295,49
4296,55
4297,39
4298,4
4299,52
4300,43
4301,58
4302,49
4303,47
4304,52
4305,57
4306,5
4307,56
4308,48
4309,51
4310,7
4311,5
4312,48
4313,5
4314,56
4315,51
4316,59
4317,48
4318,45
4319,5
4320,57
4321,44
4322,48
4323,5
4324,53
4325,57
4326,5
4327,48
4328,51
4329,52
4330,6
4331,47
4332,58
4333,58
4334,49
4335,52
4336,55
4337,58
4338,54
4339,62
4340,53
4341,47
4342,51
4343,59
4344,52
4345,5
4346,44
4347,38
4348,54
4349,58
4350,57
4351,5
4352,46
4353,37
4354,49
4355,4
4356,6
4357,48
4358,48
4359,54
4360,49
4361,51
4362,55
4363,45
4364,59
4365,53
4366,51
4367,47
4368,46
4369,44
4370,45
4371,55
4372,64
4373,53
4374,5
4375,46
4376,82
4377,5
4378,51
4379,58
4380,51
4381,61
4382,57
4383,44
4384,54
4385,51
4386,54
4387,63
4388,63
4389,57
4390,54
4391,31
4392,54
4393,55
4394,48
4395,57
4396,53
4397,58
4398,53
4399,53
4400,49
4401,52
4402,62
4403,6
4404,85
4405,46
4406,64
4407,5
4408,58
4409,51
4410,53
4411,52
4412,46
4413,54
4414,52
4415,49
4416,58
4417,48
4418,53
4419,57
4420,49
4421,51
4422,48
4423,61
4424,4
4425,4
4426,64
4427,4
4428,46
4429,57
4430,46
4431,57
4432,49
4433,65
4434,52
4435,43
4436,54
4437,46
4438,48
4439,6
4440,55
4441,52
4442,49
4443,62
4444,52
4445,35
4446,53
4447,51
4448,56
4449,41
4450,48
4451,66
4452,59
4453,59
4454,46
4455,53
4456,46
4457,71
4458,59
4459,65
4460,43
4461,57
4462,44
4463,54
4464,61
4465,5
4466,53
4467,66
4468,54
4469,57
4470,58
4471,52
4472,66
4473,53
4474,52
4475,35
4476,41
4477,53
4478,5
4479,59
4480,46
4481,61
4482,66
4483,61
4484,55
4485,36
4486,48
4487,63
4488,57
4489,43
4490,6
4491,65
4492,51
4493,48
4494,34
4495,47
4496,52
4497,51
4498,6
4499,57
4500,49
4501,73
4502,65
4503,56
4504,64
4505,53
4506,41
4507,56
4508,5
4509,57
4510,56
4511,58
4512,69
4513,63
4514,63
4515,42
4516,47
4517,4
4518,42
4519,6
4520,46
4521,41
4522,53
4523,54
4524,47
4525,46
4526,45
4527,48
4528,55
4529,51
4530,41
4531,57
4532,75
4533,54
4534,43
4535,68
4536,48
4537,56
4538,51
4539,5
4540,54
4541,47
4542,48
4543,56
4544,49
4545,49
4546,51
4547,67
4548,51
4549,43
4550,42
4551,45
4552,49
4553,65
4554,53
4555,57
4556,44
4557,58
4558,53
4559,51
4560,49
4561,54
4562,58
4563,54
4564,54
4565,45
4566,43
4567,6
4568,48
4569,67
4570,6
4571,54
4572,42
4573,6
4574,5
4575,57
4576,42
4577,55
4578,53
4579,5
4580,57
4581,51
4582,53
4583,58
4584,47
4585,58
4586,58
4587,56
4588,7
4589,47
4590,54
4591,46
4592,46
4593,45
4594,56
4595,54
4596,5
4597,54
4598,6
4599,58
4600,58
4601,42
4602,44
4603,66
4604,5
4605,53
4606,49
4607,52
4608,51
4609,49
4610,46
4611,51
4612,59
4613,51
4614,57
4615,67
4616,59
4617,49
4618,44
4619,54
4620,5
4621,57
4622,49
4623,53
4624,48
4625,54
4626,6
4627,5
4628,49
4629,53
4630,49
4631,44
4632,62
4633,43
4634,7
4635,53
4636,61
4637,39
4638,48
4639,56
4640,62
4641,47
4642,68
4643,49
4644,47
4645,56
4646,59
4647,41
4648,44
4649,49
4650,54
4651,41
4652,51
4653,53
4654,59
4655,4
4656,42
4657,49
4658,64
4659,65
4660,46
4661,53
4662,57
4663,44
4664,59
4665,38
4666,52
4667,41
4668,5
4669,4
4670,56
4671,61
4672,58
4673,47
4674,61
4675,58
4676,55
4677,55
4678,59
4679,45
4680,67
4681,55
4682,56
4683,51
4684,46
4685,65
4686,58
4687,4
4688,51
4689,41
4690,53
4691,54
4692,53
4693,55
4694,68
4695,55
4696,67
4697,58
4698,6
4699,48
4700,54
4701,59
4702,58
4703,57
4704,47
4705,46
4706,53
4707,57
4708,42
4709,59
4710,47
4711,48
4712,49
4713,46
4714,5
4715,59
4716,69
4717,47
4718,51
4719,38
4720,54
4721,54
4722,39
4723,51
4724,57
4725,43
4726,43
4727,44
4728,49
4729,58
4730,56
4731,6
4732,6
4733,64
4734,5
4735,57
4736,51
4737,53
4738,66
4739,48
4740,43
4741,51
4742,5
4743,48
4744,51
4745,5
4746,56
4747,49
4748,53
4749,54
4750,52
4751,49
4752,61
4753,49
4754,46
4755,5
4756,5
4757,51
4758,56
4759,4
4760,52
4761,53
4762,55
4763,46
4764,44
4765,54
4766,51
4767,5
4768,61
4769,48
4770,62
4771,48
4772,49
4773,42
4774,52
4775,45
4776,5
4777,46
4778,57
4779,51
4780,59
4781,54
4782,63
4783,6
4784,53
4785,44
4786,56
4787,5
4788,5
4789,49
4790,52
4791,78
4792,59
4793,51
4794,49
4795,65
4796,46
4797,58
4798,54
4799,56
4800,48
4801,49
4802,57
4803,57
4804,57
4805,59
4806,56
4807,46
4808,57
4809,59
4810,49
4811,71
4812,53
4813,62
4814,58
4815,54
4816,41
4817,41
4818,49
4819,53
4820,55
4821,54
4822,47
4823,51
4824,59
4825,47
4826,56
4827,53
4828,57
4829,7
4830,49
4831,43
4832,52
4833,57
4834,58
4835,53
4836,53
4837,5
4838,57
4839,69
4840,57
4841,54
4842,46
4843,55
4844,42
4845,62
4846,44
4847,48
4848,44
4849,59
4850,56
4851,56
4852,57
4853,49
4854,54
4855,48
4856,45
4857,53
4858,58
4859,42
4860,47
4861,62
4862,51
4863,46
4864,48
4865,52
4866,64
4867,45
4868,51
4869,52
4870,52
4871,5
4872,5
4873,46
4874,5
4875,5
4876,53
4877,49
4878,44
4879,65
4880,56
4881,93
4882,46
4883,53
4884,45
4885,59
4886,52
4887,56
4888,58
4889,58
4890,53
4891,69
4892,56
4893,47
4894,44
4895,43
4896,48
4897,62
4898,46
4899,51
4900,5
4901,52
4902,5
4903,45
4904,43
4905,57
4906,44
4907,55
4908,56
4909,61
4910,52
4911,49
4912,67
4913,46
4914,56
4915,54
4916,55
4917,45
4918,64
4919,54
4920,63
4921,65
4922,51
4923,51
4924,47
4925,55
4926,51
4927,44
4928,5
4929,53
4930,48
4931,56
4932,66
4933,52
4934,43
4935,55
4936,51
4937,53
4938,49
4939,59
4940,58
4941,6
4942,45
4943,51
4944,52
4945,44
4946,47
4947,51
4948,54
4949,61
4950,54
4951,41
4952,48
4953,52
4954,57
4955,55
4956,57
4957,51
4958,57
4959,52
4960,55
4961,58
4962,67
4963,55
4964,52
4965,4
4966,46
4967,59
4968,56
4969,56
4970,6
4971,46
4972,49
4973,51
4974,44
4975,55
4976,45
4977,53
4978,44
4979,6
4980,38
4981,61
4982,59
4983,55
4984,52
4985,5
4986,53
4987,45
4988,58
4989,36
4990,6
4991,47
4992,36
4993,5
4994,46
4995,56
4996,66
4997,51
4998,52
4999,55
5000,56
5001,49
5002,54
5003,43
5004,55
5005,49
5006,48
5007,6
5008,52
5009,51
5010,45
5011,65
5012,46
5013,51
5014,53
5015,54
5016,52
5017,71
5018,61
5019,62
5020,6
5021,47
5022,59
5023,63
5024,55
5025,45
5026,55
5027,55
5028,46
5029,51
5030,56
5031,65
5032,59
5033,52
5034,48
5035,61
5036,45
5037,4
5038,48
5039,54
5040,49
5041,64
5042,53
5043,63
5044,45
5045,63
5046,43
5047,44
5048,63
5049,54
5050,56
5051,49
5052,5
5053,78
5054,53
5055,55
5056,61
5057,53
5058,49
5059,63
5060,56
5061,67
5062,55
5063,59
5064,58
5065,58
5066,55
5067,5
5068,54
5069,65
5070,44
5071,57
5072,6
5073,51
5074,42
5075,44
5076,63
5077,46
5078,53
5079,63
5080,53
5081,47
5082,6
5083,68
5084,48
5085,45
5086,48
5087,45
5088,54
5089,54
5090,55
5091,54
5092,55
5093,53
5094,72
5095,63
5096,44
5097,48
5098,54
5099,49
5100,49
5101,53
5102,52
5103,54
5104,61
5105,56
5106,44
5107,43
5108,74
5109,62
5110,44
5111,47
5112,54
5113,53
5114,48
5115,51
5116,54
5117,62
5118,39
5119,55
5120,57
5121,46
5122,43
5123,46
5124,51
5125,53
5126,56
5127,58
5128,55
5129,36
5130,59
5131,55
5132,43
5133,57
5134,52
5135,5
5136,53
5137,56
5138,52
5139,53
5140,46
5141,51
5142,49
5143,55
5144,64
5145,48
5146,45
5147,58
5148,55
5149,55
5150,46
5151,54
5152,52
5153,46
5154,77
5155,5
5156,5
5157,51
5158,37
5159,48
5160,56
5161,57
5162,56
5163,43
5164,54
5165,39
5166,51
5167,51
5168,51
5169,51
5170,5
5171,52
5172,5
5173,68
5174,48
5175,46
5176,45
5177,46
5178,46
5179,55
5180,53
5181,58
5182,45
5183,54
5184,42
5185,55
5186,52
5187,57
5188,56
5189,54
5190,41
5191,48
5192,55
5193,54
5194,42
5195,48
5196,51
5197,64
5198,54
5199,57
5200,54
5201,63
5202,57
5203,5
5204,61
5205,5
5206,53
5207,51
5208,59
5209,48
5210,48
5211,62
5212,5
5213,51
5214,53
5215,6
5216,63
5217,48
5218,65
5219,62
5220,69
5221,52
5222,52
5223,44
5224,59
5225,48
5226,72
5227,48
5228,6
5229,58
5230,44
5231,5
5232,55
5233,5
5234,49
5235,52
5236,61
5237,53
5238,46
5239,48
5240,46
5241,46
5242,49
5243,49
5244,57
5245,51
5246,61
5247,56
5248,6
5249,54
5250,54
5251,54
5252,55
5253,56
5254,47
5255,51
5256,45
5257,48
5258,53
5259,44
5260,49
5261,5
5262,55
5263,61
5264,48
5265,52
5266,63
5267,49
5268,55
5269,48
5270,5
5271,49
5272,61
5273,61
5274,45
5275,64
5276,61
5277,54
5278,49
5279,56
5280,5
5281,55
5282,46
5283,52
5284,49
5285,65
5286,54
5287,64
5288,64
5289,48
5290,58
5291,57
5292,52
5293,61
5294,59
5295,44
5296,4
5297,52
5298,56
5299,6
5300,51
5301,53
5302,39
5303,55
5304,66
5305,54
5306,57
5307,48
5308,55
5309,51
5310,47
5311,49
5312,53
5313,57
5314,52
5315,49
5316,54
5317,49
5318,43
5319,61
5320,53
5321,47
5322,56
5323,46
5324,44
5325,46
5326,61
5327,45
5328,51
5329,56
5330,46
5331,57
5332,46
5333,47
5334,51
5335,46
5336,72
5337,59
5338,46
5339,87
5340,53
5341,6
5342,45
5343,59
5344,48
5345,57
5346,55
5347,54
5348,46
5349,66
5350,56
5351,45
5352,59
5353,51
5354,51
5355,58
5356,49
5357,58
5358,63
5359,49
5360,58
5361,53
5362,59
5363,5
5364,58
5365,51
5366,5
5367,44
5368,47
5369,56
5370,53
5371,58
5372,56
5373,63
5374,45
5375,47
5376,53
5377,53
5378,59
5379,54
5380,55
5381,51
5382,56
5383,69
5384,63
5385,44
5386,59
5387,52
5388,57
5389,49
5390,61
5391,49
5392,65
5393,52
5394,61
5395,65
5396,45
5397,52
5398,54
5399,48
5400,66
5401,53
5402,6
5403,55
5404,43
5405,51
5406,56
5407,63
5408,61
5409,56
5410,58
5411,55
5412,8
5413,6
5414,58
5415,61
5416,54
5417,46
5418,64
5419,5
5420,54
5421,45
5422,6
5423,61
5424,49
5425,81
5426,63
5427,6
5428,5
5429,47
5430,42
5431,5
5432,41
5433,45
5434,58
5435,45
5436,57
5437,41
5438,54
5439,47
5440,51
5441,54
5442,56
5443,49
5444,59
5445,42
5446,6
5447,63
5448,45
5449,46
5450,43
5451,5
5452,55
5453,55
5454,64
5455,74
5456,48
5457,54
5458,55
5459,6
5460,51
5461,43
5462,48
5463,47
5464,37
5465,54
5466,51
5467,66
5468,5
5469,42
5470,52
5471,45
5472,5
5473,53
5474,54
5475,52
5476,5
5477,52
5478,5
5479,49
5480,57
5481,5
5482,49
5483,51
5484,51
5485,5
5486,48
5487,49
5488,57
5489,52
5490,46
5491,54
5492,57
5493,48
5494,52
5495,58
5496,66
5497,53
5498,53
5499,59
5500,5
5501,44
5502,42
5503,83
5504,54
5505,53
5506,51
5507,48
5508,5
5509,58
5510,72
5511,54
5512,51
5513,35
5514,57
5515,49
5516,57
5517,45
5518,58
5519,56
5520,56
5521,48
5522,41
5523,51
5524,5
5525,89
5526,47
5527,67
5528,53
5529,56
5530,48
5531,46
5532,52
5533,47
5534,56
5535,51
5536,56
5537,54
5538,5
5539,55
5540,47
5541,51
5542,5
5543,48
5544,56
5545,52
5546,57
5547,6
5548,52
5549,55
5550,57
5551,57
5552,55
5553,66
5554,56
5555,61
5556,51
5557,63
5558,52
5559,63
5560,54
5561,39
5562,51
5563,69
5564,85
5565,58
5566,62
5567,56
5568,52
5569,63
5570,59
5571,55
5572,51
5573,56
5574,57
5575,48
5576,55
5577,58
5578,53
5579,47
5580,4
5581,55
5582,38
5583,55
5584,47
5585,59
5586,62
5587,39
5588,58
5589,47
5590,65
5591,47
5592,59
5593,45
5594,54
5595,62
5596,48
5597,51
5598,49
5599,48
5600,52
5601,43
5602,51
5603,5
5604,53
5605,62
5606,62
5607,53
5608,53
5609,56
5610,48
5611,59
5612,5
5613,63
5614,5
5615,62
5616,49
5617,6
5618,44
5619,5
5620,75
5621,52
5622,42
5623,59
5624,41
5625,51
5626,52
5627,5
5628,46
5629,6
5630,6
5631,5
5632,58
5633,55
5634,52
5635,54
5636,6
5637,51
5638,49
5639,44
5640,44
5641,38
5642,55
5643,62
5644,5
5645,61
5646,51
5647,48
5648,53
5649,5
